# Sheet 'Lame 100' UsedRange starts at B2 ; data extent rows=599 cols=18
																	
Période de retour	100																
Débit de pointe entrant	520																
RN	600		0														
Nbr de passes effacées	1																
Nbr de pertuis de VDF	0					 											
																	
PHE	602.317849748864				462.682150251136											Crête	1065
Débit de pointe sortant	507.535888342577		507.535888342577													L	300
																C	1.65
Crête déversoir	605		520														
																	
																	
																	
																	
		Pas	0.1														
																	
																	
		t(h)	Qe	Zi	Ve	Vi	Qs EVC	Vs	DV	Vf	Zf		Qs VDF	Qs Total		Déversement	
		0	0	600	0	4.7	0	0	0	4.7	600		0	0		0	
		0.1	10.4	600	0.001872	4.7	0	0	0.001872	4.701872	590		0	0		0	
		0.2	20.8	590	0.005616	4.701872	0	0	0.005616	4.707488	590		0	0		0	
		0.3	31.2	590	0.00936000000000001	4.707488	0	0	0.00936000000000001	4.716848	590		0	0		0	
		0.4	41.6	590	0.013104	4.716848	0	0	0.013104	4.729952	590		0	0		0	
		0.5	52	590	0.016848	4.729952	0	0	0.016848	4.7468	590		0	0		0	
		0.6	62.4	590	0.020592	4.7468	0	0	0.020592	4.767392	590		0	0		0	
		0.7	72.8	590	0.024336	4.767392	0	0	0.024336	4.791728	590		0	0		0	
		0.8	83.2	590	0.02808	4.791728	0	0	0.02808	4.819808	590		0	0		0	
		0.9	93.6	590	0.031824	4.819808	0	0	0.031824	4.851632	590		0	0		0	
		1	104	590	0.035568	4.851632	0	0	0.035568	4.8872	590		0	0		0	
		1.1	114.4	590	0.039312	4.8872	0	0	0.039312	4.926512	590		0	0		0	
		1.2	124.8	590	0.043056	4.926512	0	0	0.043056	4.969568	590		0	0		0	
		1.3	135.2	590	0.0468	4.969568	0	0	0.0468	5.016368	590		0	0		0	
		1.4	145.6	590	0.050544	5.016368	0	0	0.050544	5.066912	590		0	0		0	
		1.5	156	590	0.0542880000000001	5.066912	0	0	0.0542880000000001	5.1212	590		0	0		0	
		1.6	166.4	590	0.0580320000000001	5.1212	0	0	0.0580320000000001	5.179232	590		0	0		0	
		1.7	176.8	590	0.0617760000000001	5.179232	0	0	0.0617760000000001	5.241008	590		0	0		0	
		1.8	187.2	590	0.0655200000000001	5.241008	0	0	0.0655200000000001	5.306528	590		0	0		0	
		1.9	197.6	590	0.0692640000000001	5.306528	0	0	0.0692640000000001	5.375792	590		0	0		0	
		2	208	590	0.0730079999999999	5.375792	0	0	0.0730079999999999	5.4488	590		0	0		0	
		2.1	218.4	590	0.0767520000000001	5.4488	0	0	0.0767520000000001	5.525552	590		0	0		0	
		2.2	228.8	590	0.0804960000000001	5.525552	0	0	0.0804960000000001	5.606048	590		0	0		0	
		2.3	239.2	590	0.0842400000000001	5.606048	0	0	0.0842400000000001	5.690288	590		0	0		0	
		2.4	249.6	590	0.0879840000000001	5.690288	0	0	0.0879840000000001	5.778272	590		0	0		0	
		2.5	260	590	0.0917280000000001	5.778272	0	0	0.0917280000000001	5.87	590		0	0		0	
		2.6	270.4	590	0.0954720000000001	5.87	0	0	0.0954720000000001	5.965472	590		0	0		0	
		2.7	280.8	590	0.0992160000000001	5.965472	0	0	0.0992160000000001	6.064688	590		0	0		0	
		2.8	291.2	590	0.10296	6.064688	0	0	0.10296	6.167648	590		0	0		0	
		2.9	301.6	590	0.106704	6.167648	0	0	0.106704	6.274352	590		0	0		0	
		3	312	590	0.110448	6.274352	0	0	0.110448	6.3848	590		0	0		0	
		3.1	322.4	590	0.114192	6.3848	0	0	0.114192	6.498992	590		0	0		0	
		3.2	332.8	590	0.117936	6.498992	0	0	0.117936	6.616928	590		0	0		0	
		3.3	343.2	590	0.12168	6.616928	0	0	0.12168	6.738608	590		0	0		0	
		3.4	353.6	590	0.125424	6.738608	0	0	0.125424	6.864032	590		0	0		0	
		3.5	364	590	0.129168	6.864032	0	0	0.129168	6.9932	590		0	0		0	
		3.6	374.4	590	0.132912	6.9932	0	0	0.132912	7.126112	590		0	0		0	
		3.7	384.8	590	0.136656	7.126112	0	0	0.136656	7.262768	590		0	0		0	
		3.8	395.2	590	0.1404	7.262768	0	0	0.1404	7.403168	590		0	0		0	
		3.9	405.6	590	0.144144	7.403168	0	0	0.144144	7.547312	590		0	0		0	
		4	416	590	0.147888	7.547312	0	0	0.147888	7.6952	590		0	0		0	
		4.1	426.4	590	0.151632	7.6952	0	0	0.151632	7.846832	601.055731527819		0	0		0	
		4.2	436.8	601.055731527819	0.155375999999999	7.846832	144.193809544029	0.0259548857179251	0.129421114282074	7.97625311428208	601.436718028502		0	144.193809544029		0	
		4.3	447.2	601.436718028502	0.159119999999999	7.97625311428208	235.529541687264	0.0683502032216324	0.0907697967783671	8.06702291106044	601.703923788815		0	235.529541687264		0	
		4.4	457.6	601.703923788815	0.162863999999999	8.06702291106044	309.923596012559	0.0981815647859678	0.0646824352140316	8.13170534627447	601.894334254561		0	309.923596012559		0	
		4.5	468	601.894334254561	0.166607999999999	8.13170534627447	367.280990272312	0.121896825531276	0.0447111744687231	8.1764165207432	602.02508256257		0	367.280990272312		0	
		4.6	478.4	602.02508256257	0.170351999999999	8.1764165207432	408.669749917852	0.139671133234229	0.0306808667657703	8.20709738750897	602.112368101021		0	408.669749917852		0	
		4.7	488.8	602.112368101021	0.174095999999999	8.20709738750897	436.651661097794	0.152157853982816	0.0219381460171836	8.22903553352615	602.174781034214		0	436.651661097794		0	
		4.8	499.2	602.174781034214	0.177839999999999	8.22903553352615	458.182014712848	0.161070061645915	0.0167699383540844	8.24580547188024	602.222490673913		0	458.182014712848		0	
		4.9	509.6	602.222490673913	0.181583999999999	8.24580547188024	474.640228756236	0.167908003824434	0.0136759961755648	8.2594814680558	602.26139820215		0	474.640228756236		0	
		5	520	602.26139820215	0.185327999999999	8.2594814680558	488.06201168448	0.173286403279328	0.0120415967206709	8.27152306477647	602.29565594531		0	488.06201168448		0	
		5.1	509.6	602.29565594531	0.185327999999999	8.27152306477647	499.879775832979	0.177829521753142	0.00749847824685723	8.27902154302333	602.316988742599		0	499.879775832979		0	
		5.2	499.2	602.316988742599	0.181583999999999	8.27902154302333	507.23887026635	0.181281356297879	0.00030264370212077	8.27932418672545	602.317849748864		0	507.23887026635		0	
		5.3	488.8	602.317849748864	0.177839999999999	8.27932418672545	507.535888342577	0.182659456549606	-0.00481945654960678	8.27450473017584	602.304138634924		0	507.535888342577		0	
		5.4	478.4	602.304138634924	0.174096	8.27450473017584	502.806017200789	0.181861542997805	-0.00776554299780569	8.26673918717804	602.282046051716		0	502.806017200789		0	
		5.5	468	602.282046051716	0.170352	8.26673918717804	495.184822291248	0.179638351108566	-0.00928635110856635	8.25745283606947	602.255626845148		0	495.184822291248		0	
		5.6	457.6	602.255626845148	0.166608	8.25745283606947	486.071088477783	0.176626063938425	-0.0100180639384253	8.24743477213105	602.227125952009		0	486.071088477783		0	
		5.7	447.2	602.227125952009	0.162864	8.24743477213105	476.239243117641	0.173215859687176	-0.0103518596871761	8.23708291244387	602.197675426583		0	476.239243117641		0	
		5.8	436.8	602.197675426583	0.15912	8.23708291244387	466.079806697457	0.169617428966717	-0.0104974289667174	8.22658548347715	602.167810763804		0	466.079806697457		0	
		5.9	426.400000000001	602.167810763804	0.155376	8.22658548347715	455.77750688023	0.165934316443983	-0.0105583164439834	8.21602716703317	602.137772879184		0	455.77750688023		0	
		5.99999999999999	416.000000000001	602.137772879184	0.151632	8.21602716703317	445.415451379364	0.162214732486726	-0.0105827324867267	8.20544443454644	602.107665532138		0	445.415451379364		0	
		6.09999999999999	405.600000000001	602.107665532138	0.147888	8.20544443454644	435.029433687987	0.158480079312123	-0.010592079312123	8.19485235523432	602.077531593839		0	435.029433687987		0	
		6.19999999999999	395.200000000001	602.077531593839	0.144144	8.19485235523432	425.272644302431	0.154854374038275	-0.0107103740382749	8.18414198119604	602.047061112933		0	425.272644302431		0	
		6.29999999999999	384.800000000001	602.047061112933	0.1404	8.18414198119604	415.627124374035	0.151361958361763	-0.0109619583617636	8.17318002283428	602.015874887153		0	415.627124374035		0	
		6.39999999999999	374.400000000001	602.015874887153	0.136656	8.17318002283428	405.755033310573	0.147848788383229	-0.0111927883832292	8.16198723445105	601.983477287168		0	405.755033310573		0	
		6.49999999999999	364.000000000001	601.983477287168	0.132912	8.16198723445105	395.49947819637	0.144225812071249	-0.0113138120712495	8.1506734223798	601.950171982278		0	395.49947819637		0	
		6.59999999999999	353.600000000001	601.950171982278	0.129168	8.1506734223798	384.956586437363	0.140482091634072	-0.0113140916340717	8.13935933074573	601.916865854418		0	384.956586437363		0	
		6.69999999999999	343.200000000001	601.916865854418	0.125424	8.13935933074573	374.413434164782	0.136686603708386	-0.0112626037083859	8.12809672703735	601.883711295371		0	374.413434164782		0	
		6.79999999999999	332.800000000001	601.883711295371	0.12168	8.12809672703735	363.918261443636	0.132899705209515	-0.011219705209515	8.11687702182783	601.850683019805		0	363.918261443636		0	
		6.89999999999999	322.400000000001	601.850683019805	0.117936	8.11687702182783	353.463064128109	0.129128638602914	-0.0111926386029138	8.10568438322492	601.81773442221		0	353.463064128109		0	
		6.99999999999999	312.000000000001	601.81773442221	0.114192	8.10568438322492	343.033089107521	0.125369307582413	-0.0111773075824132	8.0945070756425	601.784830955674		0	343.033089107521		0	
		7.09999999999999	301.600000000001	601.784830955674	0.110448	8.0945070756425	333.078046681837	0.121700004442084	-0.0112520044420842	8.08325507120042	601.75170759847		0	333.078046681837		0	
		7.19999999999999	291.200000000001	601.75170759847	0.106704	8.08325507120042	323.598625140393	0.118201800928001	-0.0114978009280011	8.07175727027242	601.717860671982		0	323.598625140393		0	
		7.29999999999999	280.800000000001	601.717860671982	0.10296	8.07175727027242	313.912128627163	0.11475193567816	-0.0117919356781597	8.05996533459426	601.683147879288		0	313.912128627163		0	
		7.39999999999999	270.400000000001	601.683147879288	0.099216	8.05996533459426	303.977833839326	0.111220193243968	-0.0120041932439675	8.04796114135029	601.647810248308		0	303.977833839326		0	
		7.49999999999999	260.000000000001	601.647810248308	0.095472	8.04796114135029	293.864719450829	0.107611659592227	-0.0121396595922274	8.03582148175806	601.612073835025		0	293.864719450829		0	
		7.59999999999999	249.600000000001	601.612073835025	0.0917280000000001	8.03582148175806	283.637479385656	0.103950395790567	-0.012222395790567	8.0235990859675	601.576093865079		0	283.637479385656		0	
		7.69999999999999	239.200000000001	601.576093865079	0.0879840000000001	8.0235990859675	273.340536957206	0.100256042941715	-0.0122720429417148	8.01132704302578	601.539967745145		0	273.340536957206		0	
		7.79999999999999	228.800000000001	601.539967745145	0.0842400000000001	8.01132704302578	263.001768534597	0.0965416149885243	-0.0123016149885241	7.99902542803726	601.503754571791		0	263.001768534597		0	
		7.89999999999999	218.400000000001	601.503754571791	0.0804960000000002	7.99902542803726	252.638086693355	0.0928151739410312	-0.012319173941031	7.98670625409622	601.46748970885		0	252.638086693355		0	
		7.99999999999999	208.000000000001	601.46748970885	0.0767520000000002	7.98670625409622	243.326302489025	0.0892735900528282	-0.012521590052828	7.9741846640434	601.430628978638		0	243.326302489025		0	
		8.09999999999999	197.600000000001	601.430628978638	0.0730080000000002	7.9741846640434	233.986731390166	0.085916346098254	-0.0129083460982538	7.96127631794514	601.392629726068		0	233.986731390166		0	
		8.19999999999999	187.200000000001	601.392629726068	0.0692640000000002	7.96127631794514	224.358687695997	0.082502175435509	-0.0132381754355088	7.94803814250963	601.353659530496		0	224.358687695997		0	
		8.29999999999999	176.800000000001	601.353659530496	0.0655200000000003	7.94803814250963	214.484631751173	0.0789917975004902	-0.01347179750049	7.93456634500914	601.314001604384		0	214.484631751173		0	
		8.39999999999999	166.400000000001	601.314001604384	0.0617760000000003	7.93456634500914	204.436322387109	0.0754057717448904	-0.0136297717448901	7.92093657326425	601.273878637811		0	204.436322387109		0	
		8.49999999999999	156.000000000001	601.273878637811	0.0580320000000003	7.92093657326425	194.27018360338	0.0717671710782876	-0.0137351710782873	7.90720140218597	601.233445399429		0	194.27018360338		0	
		8.59999999999999	145.600000000002	601.233445399429	0.0542880000000003	7.90720140218597	184.025429838252	0.0680932104194934	-0.0138052104194931	7.89339619176647	601.192805981061		0	184.025429838252		0	
		8.69999999999999	135.200000000002	601.192805981061	0.0505440000000004	7.89339619176647	173.987563992821	0.0644423388895928	-0.0138983388895924	7.87949785287688	601.151892413532		0	173.987563992821		0	
		8.79999999999998	124.800000000002	601.151892413532	0.0468000000000004	7.87949785287688	165.094814426767	0.0610348281155256	-0.0142348281155252	7.86526302476136	601.109988297796		0	165.094814426767		0	
		8.89999999999998	114.400000000002	601.109988297796	0.0430560000000004	7.86526302476136	155.986764712885	0.0577946842451373	-0.0147386842451368	7.85052434051622	601.066600943527		0	155.986764712885		0	
		8.99999999999998	104.000000000002	601.066600943527	0.0393120000000005	7.85052434051622	146.556326372983	0.0544577563954561	-0.0151457563954556	7.83537858412076	601.022015260879		0	146.556326372983		0	
		9.09999999999998	93.6000000000017	601.022015260879	0.0355680000000005	7.83537858412076	136.865425921974	0.0510159154130921	-0.0154479154130916	7.81993066870767	590		0	136.865425921974		0	
		9.19999999999998	83.2000000000017	590	0.0318240000000005	7.81993066870767	0	0.0246357766659553	0.00718822333404525	7.82711889204172	590		0	0		0	
		9.29999999999998	72.8000000000018	590	0.0280800000000005	7.82711889204172	0	0	0.0280800000000005	7.85519889204172	601.080361766387		0	0		0	
		9.39999999999998	62.4000000000018	601.080361766387	0.0243360000000006	7.85519889204172	149.5473036675	0.0269185146601499	-0.00258251466014937	7.85261637738157	601.072759427087		0	149.5473036675		0	
		9.49999999999998	52.0000000000018	601.072759427087	0.0205920000000006	7.85261637738157	147.894900721635	0.0535395967900441	-0.0329475967900435	7.81966878059152	590		0	147.894900721635		0	
		9.59999999999998	41.6000000000019	590	0.0168480000000006	7.81966878059152	0	0.0266210821298942	-0.00977308212989356	7.80989569846163	590		0	0		0	
		9.69999999999998	31.2000000000019	590	0.0131040000000006	7.80989569846163	0	0	0.0131040000000006	7.82299969846163	590		0	0		0	
		9.79999999999998	20.800000000002	590	0.00936000000000066	7.82299969846163	0	0	0.00936000000000066	7.83235969846163	601.013128344014		0	0		0	
		9.89999999999998	10.400000000002	601.013128344014	0.00561600000000069	7.83235969846163	134.93381421301	0.0242880865583418	-0.0186720865583411	7.81368761190329	590		0	134.93381421301		0	
		9.99999999999998	2.03215222427389E-12	590	0.00187200000000072	7.81368761190329	0	0.0242880865583418	-0.0224160865583411	7.79127152534495	590		0	0		0	
		10.1	0	590	3.65787400369298E-16	7.79127152534495	0	0	3.65787400369298E-16	7.79127152534495	590		0	0		0	
		10.2	0	590	0	7.79127152534495	0	0	0	7.79127152534495	590		0	0		0	
		10.3	0	590	0	7.79127152534495	0	0	0	7.79127152534495	590		0	0		0	
		10.4	0	590	0	7.79127152534495	0	0	0	7.79127152534495	590		0	0		0	
		10.5	0	590	0	7.79127152534495	0	0	0	7.79127152534495	590		0	0		0	
		10.6	0	590	0	7.79127152534495	0	0	0	7.79127152534495	590		0	0		0	
		10.7	0	590	0	7.79127152534495	0	0	0	7.79127152534495	590		0	0		0	
		10.8	0	590	0	7.79127152534495	0	0	0	7.79127152534495	590		0	0		0	
		10.9	0	590	0	7.79127152534495	0	0	0	7.79127152534495	590		0	0		0	
		11	0	590	0	7.79127152534495	0	0	0	7.79127152534495	590		0	0		0	
		11.1	0	590	0	7.79127152534495	0	0	0	7.79127152534495	590		0	0		0	
		11.2	0	590	0	7.79127152534495	0	0	0	7.79127152534495	590		0	0		0	
		11.3	0	590	0	7.79127152534495	0	0	0	7.79127152534495	590		0	0		0	
		11.4	0	590	0	7.79127152534495	0	0	0	7.79127152534495	590		0	0		0	
		11.5	0	590	0	7.79127152534495	0	0	0	7.79127152534495	590		0	0		0	
		11.6	0	590	0	7.79127152534495	0	0	0	7.79127152534495	590		0	0		0	
		11.7	0	590	0	7.79127152534495	0	0	0	7.79127152534495	590		0	0		0	
		11.8	0	590	0	7.79127152534495	0	0	0	7.79127152534495	590		0	0		0	
		11.9	0	590	0	7.79127152534495	0	0	0	7.79127152534495	590		0	0		0	
		12	0	590	0	7.79127152534495	0	0	0	7.79127152534495	590		0	0		0	
		12.1	0	590	0	7.79127152534495	0	0	0	7.79127152534495	590		0	0		0	
		12.2	0	590	0	7.79127152534495	0	0	0	7.79127152534495	590		0	0		0	
		12.3	0	590	0	7.79127152534495	0	0	0	7.79127152534495	590		0	0		0	
		12.4	0	590	0	7.79127152534495	0	0	0	7.79127152534495	590		0	0		0	
		12.5	0	590	0	7.79127152534495	0	0	0	7.79127152534495	590		0	0		0	
		12.6	0	590	0	7.79127152534495	0	0	0	7.79127152534495	590		0	0		0	
		12.7	0	590	0	7.79127152534495	0	0	0	7.79127152534495	590		0	0		0	
		12.8	0	590	0	7.79127152534495	0	0	0	7.79127152534495	590		0	0		0	
		12.9	0	590	0	7.79127152534495	0	0	0	7.79127152534495	590		0	0		0	
		13	0	590	0	7.79127152534495	0	0	0	7.79127152534495	590		0	0		0	
		13.1	0	590	0	7.79127152534495	0	0	0	7.79127152534495	590		0	0		0	
		13.2	0	590	0	7.79127152534495	0	0	0	7.79127152534495	590		0	0		0	
		13.3	0	590	0	7.79127152534495	0	0	0	7.79127152534495	590		0	0		0	
		13.4	0	590	0	7.79127152534495	0	0	0	7.79127152534495	590		0	0		0	
		13.5	0	590	0	7.79127152534495	0	0	0	7.79127152534495	590		0	0		0	
		13.6	0	590	0	7.79127152534495	0	0	0	7.79127152534495	590		0	0		0	
		13.7	0	590	0	7.79127152534495	0	0	0	7.79127152534495	590		0	0		0	
		13.8	0	590	0	7.79127152534495	0	0	0	7.79127152534495	590		0	0		0	
		13.9	0	590	0	7.79127152534495	0	0	0	7.79127152534495	590		0	0		0	
		14	0	590	0	7.79127152534495	0	0	0	7.79127152534495	590		0	0		0	
		14.1	0	590	0	7.79127152534495	0	0	0	7.79127152534495	590		0	0		0	
		14.2	0	590	0	7.79127152534495	0	0	0	7.79127152534495	590		0	0		0	
		14.3	0	590	0	7.79127152534495	0	0	0	7.79127152534495	590		0	0		0	
		14.4	0	590	0	7.79127152534495	0	0	0	7.79127152534495	590		0	0		0	
		14.5	0	590	0	7.79127152534495	0	0	0	7.79127152534495	590		0	0		0	
		14.6	0	590	0	7.79127152534495	0	0	0	7.79127152534495	590		0	0		0	
		14.7	0	590	0	7.79127152534495	0	0	0	7.79127152534495	590		0	0		0	
		14.8	0	590	0	7.79127152534495	0	0	0	7.79127152534495	590		0	0		0	
		14.9	0	590	0	7.79127152534495	0	0	0	7.79127152534495	590		0	0		0	
		15	0	590	0	7.79127152534495	0	0	0	7.79127152534495	590		0	0		0	
		15.1	0	590	0	7.79127152534495	0	0	0	7.79127152534495	590		0	0		0	
		15.2	0	590	0	7.79127152534495	0	0	0	7.79127152534495	590		0	0		0	
		15.3	0	590	0	7.79127152534495	0	0	0	7.79127152534495	590		0	0		0	
		15.4	0	590	0	7.79127152534495	0	0	0	7.79127152534495	590		0	0		0	
		15.5	0	590	0	7.79127152534495	0	0	0	7.79127152534495	590		0	0		0	
		15.6	0	590	0	7.79127152534495	0	0	0	7.79127152534495	590		0	0		0	
		15.7	0	590	0	7.79127152534495	0	0	0	7.79127152534495	590		0	0		0	
		15.8	0	590	0	7.79127152534495	0	0	0	7.79127152534495	590		0	0		0	
		15.9	0	590	0	7.79127152534495	0	0	0	7.79127152534495	590		0	0		0	
		16	0	590	0	7.79127152534495	0	0	0	7.79127152534495	590		0	0		0	
		16.1	0	590	0	7.79127152534495	0	0	0	7.79127152534495	590		0	0		0	
		16.2	0	590	0	7.79127152534495	0	0	0	7.79127152534495	590		0	0		0	
		16.3	0	590	0	7.79127152534495	0	0	0	7.79127152534495	590		0	0		0	
		16.4	0	590	0	7.79127152534495	0	0	0	7.79127152534495	590		0	0		0	
		16.5	0	590	0	7.79127152534495	0	0	0	7.79127152534495	590		0	0		0	
		16.6	0	590	0	7.79127152534495	0	0	0	7.79127152534495	590		0	0		0	
		16.7	0	590	0	7.79127152534495	0	0	0	7.79127152534495	590		0	0		0	
		16.8	0	590	0	7.79127152534495	0	0	0	7.79127152534495	590		0	0		0	
		16.9	0	590	0	7.79127152534495	0	0	0	7.79127152534495	590		0	0		0	
		17	0	590	0	7.79127152534495	0	0	0	7.79127152534495	590		0	0		0	
		17.1	0	590	0	7.79127152534495	0	0	0	7.79127152534495	590		0	0		0	
		17.2	0	590	0	7.79127152534495	0	0	0	7.79127152534495	590		0	0		0	
		17.3	0	590	0	7.79127152534495	0	0	0	7.79127152534495	590		0	0		0	
		17.4	0	590	0	7.79127152534495	0	0	0	7.79127152534495	590		0	0		0	
		17.5	0	590	0	7.79127152534495	0	0	0	7.79127152534495	590		0	0		0	
		17.6	0	590	0	7.79127152534495	0	0	0	7.79127152534495	590		0	0		0	
		17.7	0	590	0	7.79127152534495	0	0	0	7.79127152534495	590		0	0		0	
		17.8	0	590	0	7.79127152534495	0	0	0	7.79127152534495	590		0	0		0	
		17.9	0	590	0	7.79127152534495	0	0	0	7.79127152534495	590		0	0		0	
		18	0	590	0	7.79127152534495	0	0	0	7.79127152534495	590		0	0		0	
		18.1	0	590	0	7.79127152534495	0	0	0	7.79127152534495	590		0	0		0	
		18.2	0	590	0	7.79127152534495	0	0	0	7.79127152534495	590		0	0		0	
		18.3	0	590	0	7.79127152534495	0	0	0	7.79127152534495	590		0	0		0	
		18.4	0	590	0	7.79127152534495	0	0	0	7.79127152534495	590		0	0		0	
		18.5	0	590	0	7.79127152534495	0	0	0	7.79127152534495	590		0	0		0	
		18.6	0	590	0	7.79127152534495	0	0	0	7.79127152534495	590		0	0		0	
		18.7	0	590	0	7.79127152534495	0	0	0	7.79127152534495	590		0	0		0	
		18.8	0	590	0	7.79127152534495	0	0	0	7.79127152534495	590		0	0		0	
		18.9	0	590	0	7.79127152534495	0	0	0	7.79127152534495	590		0	0		0	
		19	0	590	0	7.79127152534495	0	0	0	7.79127152534495	590		0	0		0	
		19.1	0	590	0	7.79127152534495	0	0	0	7.79127152534495	590		0	0		0	
		19.2	0	590	0	7.79127152534495	0	0	0	7.79127152534495	590		0	0		0	
		19.3	0	590	0	7.79127152534495	0	0	0	7.79127152534495	590		0	0		0	
		19.4	0	590	0	7.79127152534495	0	0	0	7.79127152534495	590		0	0		0	
		19.5	0	590	0	7.79127152534495	0	0	0	7.79127152534495	590		0	0		0	
		19.6	0	590	0	7.79127152534495	0	0	0	7.79127152534495	590		0	0		0	
		19.7	0	590	0	7.79127152534495	0	0	0	7.79127152534495	590		0	0		0	
		19.8	0	590	0	7.79127152534495	0	0	0	7.79127152534495	590		0	0		0	
		19.9	0	590	0	7.79127152534495	0	0	0	7.79127152534495	590		0	0		0	
		20	0	590	0	7.79127152534495	0	0	0	7.79127152534495	590		0	0		0	
		20.1	0	590	0	7.79127152534495	0	0	0	7.79127152534495	590		0	0		0	
		20.2	0	590	0	7.79127152534495	0	0	0	7.79127152534495	590		0	0		0	
		20.3	0	590	0	7.79127152534495	0	0	0	7.79127152534495	590		0	0		0	
		20.4	0	590	0	7.79127152534495	0	0	0	7.79127152534495	590		0	0		0	
		20.5	0	590	0	7.79127152534495	0	0	0	7.79127152534495	590		0	0		0	
		20.6	0	590	0	7.79127152534495	0	0	0	7.79127152534495	590		0	0		0	
		20.7	0	590	0	7.79127152534495	0	0	0	7.79127152534495	590		0	0		0	
		20.8	0	590	0	7.79127152534495	0	0	0	7.79127152534495	590		0	0		0	
		20.9	0	590	0	7.79127152534495	0	0	0	7.79127152534495	590		0	0		0	
		21	0	590	0	7.79127152534495	0	0	0	7.79127152534495	590		0	0		0	
		21.1	0	590	0	7.79127152534495	0	0	0	7.79127152534495	590		0	0		0	
		21.2	0	590	0	7.79127152534495	0	0	0	7.79127152534495	590		0	0		0	
		21.3	0	590	0	7.79127152534495	0	0	0	7.79127152534495	590		0	0		0	
		21.4	0	590	0	7.79127152534495	0	0	0	7.79127152534495	590		0	0		0	
		21.5	0	590	0	7.79127152534495	0	0	0	7.79127152534495	590		0	0		0	
		21.6	0	590	0	7.79127152534495	0	0	0	7.79127152534495	590		0	0		0	
		21.7	0	590	0	7.79127152534495	0	0	0	7.79127152534495	590		0	0		0	
		21.8	0	590	0	7.79127152534495	0	0	0	7.79127152534495	590		0	0		0	
		21.9	0	590	0	7.79127152534495	0	0	0	7.79127152534495	590		0	0		0	
		22	0	590	0	7.79127152534495	0	0	0	7.79127152534495	590		0	0		0	
		22.1	0	590	0	7.79127152534495	0	0	0	7.79127152534495	590		0	0		0	
		22.2	0	590	0	7.79127152534495	0	0	0	7.79127152534495	590		0	0		0	
		22.3	0	590	0	7.79127152534495	0	0	0	7.79127152534495	590		0	0		0	
		22.4	0	590	0	7.79127152534495	0	0	0	7.79127152534495	590		0	0		0	
		22.5	0	590	0	7.79127152534495	0	0	0	7.79127152534495	590		0	0		0	
		22.6000000000001	0	590	0	7.79127152534495	0	0	0	7.79127152534495	590		0	0		0	
		22.7000000000001	0	590	0	7.79127152534495	0	0	0	7.79127152534495	590		0	0		0	
		22.8000000000001	0	590	0	7.79127152534495	0	0	0	7.79127152534495	590		0	0		0	
		22.9000000000001	0	590	0	7.79127152534495	0	0	0	7.79127152534495	590		0	0		0	
		23.0000000000001	0	590	0	7.79127152534495	0	0	0	7.79127152534495	590		0	0		0	
		23.1000000000001	0	590	0	7.79127152534495	0	0	0	7.79127152534495	590		0	0		0	
		23.2000000000001	0	590	0	7.79127152534495	0	0	0	7.79127152534495	590		0	0		0	
		23.3000000000001	0	590	0	7.79127152534495	0	0	0	7.79127152534495	590		0	0		0	
		23.4000000000001	0	590	0	7.79127152534495	0	0	0	7.79127152534495	590		0	0		0	
		23.5000000000001	0	590	0	7.79127152534495	0	0	0	7.79127152534495	590		0	0		0	
		23.6000000000001	0	590	0	7.79127152534495	0	0	0	7.79127152534495	590		0	0		0	
		23.7000000000001	0	590	0	7.79127152534495	0	0	0	7.79127152534495	590		0	0		0	
		23.8000000000001	0	590	0	7.79127152534495	0	0	0	7.79127152534495	590		0	0		0	
		23.9000000000001	0	590	0	7.79127152534495	0	0	0	7.79127152534495	590		0	0		0	
		24.0000000000001	0	590	0	7.79127152534495	0	0	0	7.79127152534495	590		0	0		0	
		24.1000000000001	0	590	0	7.79127152534495	0	0	0	7.79127152534495	590		0	0		0	
		24.2000000000001	0	590	0	7.79127152534495	0	0	0	7.79127152534495	590		0	0		0	
		24.3000000000001	0	590	0	7.79127152534495	0	0	0	7.79127152534495	590		0	0		0	
		24.4000000000001	0	590	0	7.79127152534495	0	0	0	7.79127152534495	590		0	0		0	
		24.5000000000001	0	590	0	7.79127152534495	0	0	0	7.79127152534495	590		0	0		0	
		24.6000000000001	0	590	0	7.79127152534495	0	0	0	7.79127152534495	590		0	0		0	
		24.7000000000001	0	590	0	7.79127152534495	0	0	0	7.79127152534495	590		0	0		0	
		24.8000000000001	0	590	0	7.79127152534495	0	0	0	7.79127152534495	590		0	0		0	
		24.9000000000001	0	590	0	7.79127152534495	0	0	0	7.79127152534495	590		0	0		0	
		25.0000000000001	0	590	0	7.79127152534495	0	0	0	7.79127152534495	590		0	0		0	
		25.1000000000001	0	590	0	7.79127152534495	0	0	0	7.79127152534495	590		0	0		0	
		25.2000000000001	0	590	0	7.79127152534495	0	0	0	7.79127152534495	590		0	0		0	
		25.3000000000001	0	590	0	7.79127152534495	0	0	0	7.79127152534495	590		0	0		0	
		25.4000000000001	0	590	0	7.79127152534495	0	0	0	7.79127152534495	590		0	0		0	
		25.5000000000001	0	590	0	7.79127152534495	0	0	0	7.79127152534495	590		0	0		0	
		25.6000000000001	0	590	0	7.79127152534495	0	0	0	7.79127152534495	590		0	0		0	
		25.7000000000001	0	590	0	7.79127152534495	0	0	0	7.79127152534495	590		0	0		0	
		25.8000000000001	0	590	0	7.79127152534495	0	0	0	7.79127152534495	590		0	0		0	
		25.9000000000001	0	590	0	7.79127152534495	0	0	0	7.79127152534495	590		0	0		0	
		26.0000000000001	0	590	0	7.79127152534495	0	0	0	7.79127152534495	590		0	0		0	
		26.1000000000001	0	590	0	7.79127152534495	0	0	0	7.79127152534495	590		0	0		0	
		26.2000000000001	0	590	0	7.79127152534495	0	0	0	7.79127152534495	590		0	0		0	
		26.3000000000001	0	590	0	7.79127152534495	0	0	0	7.79127152534495	590		0	0		0	
		26.4000000000001	0	590	0	7.79127152534495	0	0	0	7.79127152534495	590		0	0		0	
		26.5000000000001	0	590	0	7.79127152534495	0	0	0	7.79127152534495	590		0	0		0	
		26.6000000000001	0	590	0	7.79127152534495	0	0	0	7.79127152534495	590		0	0		0	
		26.7000000000001	0	590	0	7.79127152534495	0	0	0	7.79127152534495	590		0	0		0	
		26.8000000000001	0	590	0	7.79127152534495	0	0	0	7.79127152534495	590		0	0		0	
		26.9000000000001	0	590	0	7.79127152534495	0	0	0	7.79127152534495	590		0	0		0	
		27.0000000000001	0	590	0	7.79127152534495	0	0	0	7.79127152534495	590		0	0		0	
		27.1000000000001	0	590	0	7.79127152534495	0	0	0	7.79127152534495	590		0	0		0	
		27.2000000000001	0	590	0	7.79127152534495	0	0	0	7.79127152534495	590		0	0		0	
		27.3000000000001	0	590	0	7.79127152534495	0	0	0	7.79127152534495	590		0	0		0	
		27.4000000000001	0	590	0	7.79127152534495	0	0	0	7.79127152534495	590		0	0		0	
		27.5000000000001	0	590	0	7.79127152534495	0	0	0	7.79127152534495	590		0	0		0	
		27.6000000000001	0	590	0	7.79127152534495	0	0	0	7.79127152534495	590		0	0		0	
		27.7000000000001	0	590	0	7.79127152534495	0	0	0	7.79127152534495	590		0	0		0	
		27.8000000000001	0	590	0	7.79127152534495	0	0	0	7.79127152534495	590		0	0		0	
		27.9000000000001	0	590	0	7.79127152534495	0	0	0	7.79127152534495	590		0	0		0	
		28.0000000000001	0	590	0	7.79127152534495	0	0	0	7.79127152534495	590		0	0		0	
		28.1000000000001	0	590	0	7.79127152534495	0	0	0	7.79127152534495	590		0	0		0	
		28.2000000000001	0	590	0	7.79127152534495	0	0	0	7.79127152534495	590		0	0		0	
		28.3000000000001	0	590	0	7.79127152534495	0	0	0	7.79127152534495	590		0	0		0	
		28.4000000000001	0	590	0	7.79127152534495	0	0	0	7.79127152534495	590		0	0		0	
		28.5000000000001	0	590	0	7.79127152534495	0	0	0	7.79127152534495	590		0	0		0	
		28.6000000000001	0	590	0	7.79127152534495	0	0	0	7.79127152534495	590		0	0		0	
		28.7000000000001	0	590	0	7.79127152534495	0	0	0	7.79127152534495	590		0	0		0	
		28.8000000000001	0	590	0	7.79127152534495	0	0	0	7.79127152534495	590		0	0		0	
		28.9000000000001	0	590	0	7.79127152534495	0	0	0	7.79127152534495	590		0	0		0	
		29.0000000000001	0	590	0	7.79127152534495	0	0	0	7.79127152534495	590		0	0		0	
		29.1000000000001	0	590	0	7.79127152534495	0	0	0	7.79127152534495	590		0	0		0	
		29.2000000000001	0	590	0	7.79127152534495	0	0	0	7.79127152534495	590		0	0		0	
		29.3000000000001	0	590	0	7.79127152534495	0	0	0	7.79127152534495	590		0	0		0	
		29.4000000000001	0	590	0	7.79127152534495	0	0	0	7.79127152534495	590		0	0		0	
		29.5000000000001	0	590	0	7.79127152534495	0	0	0	7.79127152534495	590		0	0		0	
		29.6000000000002	0	590	0	7.79127152534495	0	0	0	7.79127152534495	590		0	0		0	
		29.7000000000002	0	590	0	7.79127152534495	0	0	0	7.79127152534495	590		0	0		0	
		29.8000000000002	0	590	0	7.79127152534495	0	0	0	7.79127152534495	590		0	0		0	
		29.9000000000002	0	590	0	7.79127152534495	0	0	0	7.79127152534495	590		0	0		0	
		30.0000000000002	0	590	0	7.79127152534495	0	0	0	7.79127152534495	590		0	0		0	
		30.1000000000002	0	590	0	7.79127152534495	0	0	0	7.79127152534495	590		0	0		0	
		30.2000000000002	0	590	0	7.79127152534495	0	0	0	7.79127152534495	590		0	0		0	
		30.3000000000002	0	590	0	7.79127152534495	0	0	0	7.79127152534495	590		0	0		0	
		30.4000000000002	0	590	0	7.79127152534495	0	0	0	7.79127152534495	590		0	0		0	
		30.5000000000002	0	590	0	7.79127152534495	0	0	0	7.79127152534495	590		0	0		0	
		30.6000000000002	0	590	0	7.79127152534495	0	0	0	7.79127152534495	590		0	0		0	
		30.7000000000002	0	590	0	7.79127152534495	0	0	0	7.79127152534495	590		0	0		0	
		30.8000000000002	0	590	0	7.79127152534495	0	0	0	7.79127152534495	590		0	0		0	
		30.9000000000002	0	590	0	7.79127152534495	0	0	0	7.79127152534495	590		0	0		0	
		31.0000000000002	0	590	0	7.79127152534495	0	0	0	7.79127152534495	590		0	0		0	
		31.1000000000002	0	590	0	7.79127152534495	0	0	0	7.79127152534495	590		0	0		0	
		31.2000000000002	0	590	0	7.79127152534495	0	0	0	7.79127152534495	590		0	0		0	
		31.3000000000002	0	590	0	7.79127152534495	0	0	0	7.79127152534495	590		0	0		0	
		31.4000000000002	0	590	0	7.79127152534495	0	0	0	7.79127152534495	590		0	0		0	
		31.5000000000002	0	590	0	7.79127152534495	0	0	0	7.79127152534495	590		0	0		0	
		31.6000000000002	0	590	0	7.79127152534495	0	0	0	7.79127152534495	590		0	0		0	
		31.7000000000002	0	590	0	7.79127152534495	0	0	0	7.79127152534495	590		0	0		0	
		31.8000000000002	0	590	0	7.79127152534495	0	0	0	7.79127152534495	590		0	0		0	
		31.9000000000002	0	590	0	7.79127152534495	0	0	0	7.79127152534495	590		0	0		0	
		32.0000000000002	0	590	0	7.79127152534495	0	0	0	7.79127152534495	590		0	0		0	
		32.1000000000002	0	590	0	7.79127152534495	0	0	0	7.79127152534495	590		0	0		0	
		32.2000000000002	0	590	0	7.79127152534495	0	0	0	7.79127152534495	590		0	0		0	
		32.3000000000002	0	590	0	7.79127152534495	0	0	0	7.79127152534495	590		0	0		0	
		32.4000000000002	0	590	0	7.79127152534495	0	0	0	7.79127152534495	590		0	0		0	
		32.5000000000002	0	590	0	7.79127152534495	0	0	0	7.79127152534495	590		0	0		0	
		32.6000000000002	0	590	0	7.79127152534495	0	0	0	7.79127152534495	590		0	0		0	
		32.7000000000002	0	590	0	7.79127152534495	0	0	0	7.79127152534495	590		0	0		0	
		32.8000000000002	0	590	0	7.79127152534495	0	0	0	7.79127152534495	590		0	0		0	
		32.9000000000002	0	590	0	7.79127152534495	0	0	0	7.79127152534495	590		0	0		0	
		33.0000000000002	0	590	0	7.79127152534495	0	0	0	7.79127152534495	590		0	0		0	
		33.1000000000002	0	590	0	7.79127152534495	0	0	0	7.79127152534495	590		0	0		0	
		33.2000000000002	0	590	0	7.79127152534495	0	0	0	7.79127152534495	590		0	0		0	
		33.3000000000002	0	590	0	7.79127152534495	0	0	0	7.79127152534495	590		0	0		0	
		33.4000000000002	0	590	0	7.79127152534495	0	0	0	7.79127152534495	590		0	0		0	
		33.5000000000002	0	590	0	7.79127152534495	0	0	0	7.79127152534495	590		0	0		0	
		33.6000000000002	0	590	0	7.79127152534495	0	0	0	7.79127152534495	590		0	0		0	
		33.7000000000002	0	590	0	7.79127152534495	0	0	0	7.79127152534495	590		0	0		0	
		33.8000000000002	0	590	0	7.79127152534495	0	0	0	7.79127152534495	590		0	0		0	
		33.9000000000002	0	590	0	7.79127152534495	0	0	0	7.79127152534495	590		0	0		0	
		34.0000000000002	0	590	0	7.79127152534495	0	0	0	7.79127152534495	590		0	0		0	
		34.1000000000002	0	590	0	7.79127152534495	0	0	0	7.79127152534495	590		0	0		0	
		34.2000000000002	0	590	0	7.79127152534495	0	0	0	7.79127152534495	590		0	0		0	
		34.3000000000002	0	590	0	7.79127152534495	0	0	0	7.79127152534495	590		0	0		0	
		34.4000000000002	0	590	0	7.79127152534495	0	0	0	7.79127152534495	590		0	0		0	
		34.5000000000002	0	590	0	7.79127152534495	0	0	0	7.79127152534495	590		0	0		0	
		34.6000000000002	0	590	0	7.79127152534495	0	0	0	7.79127152534495	590		0	0		0	
		34.7000000000002	0	590	0	7.79127152534495	0	0	0	7.79127152534495	590		0	0		0	
		34.8000000000002	0	590	0	7.79127152534495	0	0	0	7.79127152534495	590		0	0		0	
		34.9000000000002	0	590	0	7.79127152534495	0	0	0	7.79127152534495	590		0	0		0	
		35.0000000000002	0	590	0	7.79127152534495	0	0	0	7.79127152534495	590		0	0		0	
		35.1000000000002	0	590	0	7.79127152534495	0	0	0	7.79127152534495	590		0	0		0	
		35.2000000000002	0	590	0	7.79127152534495	0	0	0	7.79127152534495	590		0	0		0	
		35.3000000000002	0	590	0	7.79127152534495	0	0	0	7.79127152534495	590		0	0		0	
		35.4000000000002	0	590	0	7.79127152534495	0	0	0	7.79127152534495	590		0	0		0	
		35.5000000000002	0	590	0	7.79127152534495	0	0	0	7.79127152534495	590		0	0		0	
		35.6000000000002	0	590	0	7.79127152534495	0	0	0	7.79127152534495	590		0	0		0	
		35.7000000000002	0	590	0	7.79127152534495	0	0	0	7.79127152534495	590		0	0		0	
		35.8000000000002	0	590	0	7.79127152534495	0	0	0	7.79127152534495	590		0	0		0	
		35.9000000000002	0	590	0	7.79127152534495	0	0	0	7.79127152534495	590		0	0		0	
		36.0000000000002	0	590	0	7.79127152534495	0	0	0	7.79127152534495	590		0	0		0	
		36.1000000000002	0	590	0	7.79127152534495	0	0	0	7.79127152534495	590		0	0		0	
		36.2000000000002	0	590	0	7.79127152534495	0	0	0	7.79127152534495	590		0	0		0	
		36.3000000000002	0	590	0	7.79127152534495	0	0	0	7.79127152534495	590		0	0		0	
		36.4000000000002	0	590	0	7.79127152534495	0	0	0	7.79127152534495	590		0	0		0	
		36.5000000000002	0	590	0	7.79127152534495	0	0	0	7.79127152534495	590		0	0		0	
		36.6000000000003	0	590	0	7.79127152534495	0	0	0	7.79127152534495	590		0	0		0	
		36.7000000000003	0	590	0	7.79127152534495	0	0	0	7.79127152534495	590		0	0		0	
		36.8000000000003	0	590	0	7.79127152534495	0	0	0	7.79127152534495	590		0	0		0	
		36.9000000000003	0	590	0	7.79127152534495	0	0	0	7.79127152534495	590		0	0		0	
		37.0000000000003	0	590	0	7.79127152534495	0	0	0	7.79127152534495	590		0	0		0	
		37.1000000000003	0	590	0	7.79127152534495	0	0	0	7.79127152534495	590		0	0		0	
		37.2000000000003	0	590	0	7.79127152534495	0	0	0	7.79127152534495	590		0	0		0	
		37.3000000000003	0	590	0	7.79127152534495	0	0	0	7.79127152534495	590		0	0		0	
		37.4000000000003	0	590	0	7.79127152534495	0	0	0	7.79127152534495	590		0	0		0	
		37.5000000000003	0	590	0	7.79127152534495	0	0	0	7.79127152534495	590		0	0		0	
		37.6000000000003	0	590	0	7.79127152534495	0	0	0	7.79127152534495	590		0	0		0	
		37.7000000000003	0	590	0	7.79127152534495	0	0	0	7.79127152534495	590		0	0		0	
		37.8000000000003	0	590	0	7.79127152534495	0	0	0	7.79127152534495	590		0	0		0	
		37.9000000000003	0	590	0	7.79127152534495	0	0	0	7.79127152534495	590		0	0		0	
		38.0000000000003	0	590	0	7.79127152534495	0	0	0	7.79127152534495	590		0	0		0	
		38.1000000000003	0	590	0	7.79127152534495	0	0	0	7.79127152534495	590		0	0		0	
		38.2000000000003	0	590	0	7.79127152534495	0	0	0	7.79127152534495	590		0	0		0	
		38.3000000000003	0	590	0	7.79127152534495	0	0	0	7.79127152534495	590		0	0		0	
		38.4000000000003	0	590	0	7.79127152534495	0	0	0	7.79127152534495	590		0	0		0	
		38.5000000000003	0	590	0	7.79127152534495	0	0	0	7.79127152534495	590		0	0		0	
		38.6000000000003	0	590	0	7.79127152534495	0	0	0	7.79127152534495	590		0	0		0	
		38.7000000000003	0	590	0	7.79127152534495	0	0	0	7.79127152534495	590		0	0		0	
		38.8000000000003	0	590	0	7.79127152534495	0	0	0	7.79127152534495	590		0	0		0	
		38.9000000000003	0	590	0	7.79127152534495	0	0	0	7.79127152534495	590		0	0		0	
		39.0000000000003	0	590	0	7.79127152534495	0	0	0	7.79127152534495	590		0	0		0	
		39.1000000000003	0	590	0	7.79127152534495	0	0	0	7.79127152534495	590		0	0		0	
		39.2000000000003	0	590	0	7.79127152534495	0	0	0	7.79127152534495	590		0	0		0	
		39.3000000000003	0	590	0	7.79127152534495	0	0	0	7.79127152534495	590		0	0		0	
		39.4000000000003	0	590	0	7.79127152534495	0	0	0	7.79127152534495	590		0	0		0	
		39.5000000000003	0	590	0	7.79127152534495	0	0	0	7.79127152534495	590		0	0		0	
		39.6000000000003	0	590	0	7.79127152534495	0	0	0	7.79127152534495	590		0	0		0	
		39.7000000000003	0	590	0	7.79127152534495	0	0	0	7.79127152534495	590		0	0		0	
		39.8000000000003	0	590	0	7.79127152534495	0	0	0	7.79127152534495	590		0	0		0	
		39.9000000000003	0	590	0	7.79127152534495	0	0	0	7.79127152534495	590		0	0		0	
		40.0000000000003	0	590	0	7.79127152534495	0	0	0	7.79127152534495	590		0	0		0	
		40.1000000000003	0	590	0	7.79127152534495	0	0	0	7.79127152534495	590		0	0		0	
		40.2000000000003	0	590	0	7.79127152534495	0	0	0	7.79127152534495	590		0	0		0	
		40.3000000000003	0	590	0	7.79127152534495	0	0	0	7.79127152534495	590		0	0		0	
		40.4000000000003	0	590	0	7.79127152534495	0	0	0	7.79127152534495	590		0	0		0	
		40.5000000000003	0	590	0	7.79127152534495	0	0	0	7.79127152534495	590		0	0		0	
		40.6000000000003	0	590	0	7.79127152534495	0	0	0	7.79127152534495	590		0	0		0	
		40.7000000000003	0	590	0	7.79127152534495	0	0	0	7.79127152534495	590		0	0		0	
		40.8000000000003	0	590	0	7.79127152534495	0	0	0	7.79127152534495	590		0	0		0	
		40.9000000000003	0	590	0	7.79127152534495	0	0	0	7.79127152534495	590		0	0		0	
		41.0000000000003	0	590	0	7.79127152534495	0	0	0	7.79127152534495	590		0	0		0	
		41.1000000000003	0	590	0	7.79127152534495	0	0	0	7.79127152534495	590		0	0		0	
		41.2000000000003	0	590	0	7.79127152534495	0	0	0	7.79127152534495	590		0	0		0	
		41.3000000000003	0	590	0	7.79127152534495	0	0	0	7.79127152534495	590		0	0		0	
		41.4000000000003	0	590	0	7.79127152534495	0	0	0	7.79127152534495	590		0	0		0	
		41.5000000000003	0	590	0	7.79127152534495	0	0	0	7.79127152534495	590		0	0		0	
		41.6000000000003	0	590	0	7.79127152534495	0	0	0	7.79127152534495	590		0	0		0	
		41.7000000000003	0	590	0	7.79127152534495	0	0	0	7.79127152534495	590		0	0		0	
		41.8000000000003	0	590	0	7.79127152534495	0	0	0	7.79127152534495	590		0	0		0	
		41.9000000000003	0	590	0	7.79127152534495	0	0	0	7.79127152534495	590		0	0		0	
		42.0000000000003	0	590	0	7.79127152534495	0	0	0	7.79127152534495	590		0	0		0	
		42.1000000000003	0	590	0	7.79127152534495	0	0	0	7.79127152534495	590		0	0		0	
		42.2000000000003	0	590	0	7.79127152534495	0	0	0	7.79127152534495	590		0	0		0	
		42.3000000000003	0	590	0	7.79127152534495	0	0	0	7.79127152534495	590		0	0		0	
		42.4000000000003	0	590	0	7.79127152534495	0	0	0	7.79127152534495	590		0	0		0	
		42.5000000000003	0	590	0	7.79127152534495	0	0	0	7.79127152534495	590		0	0		0	
		42.6000000000003	0	590	0	7.79127152534495	0	0	0	7.79127152534495	590		0	0		0	
		42.7000000000003	0	590	0	7.79127152534495	0	0	0	7.79127152534495	590		0	0		0	
		42.8000000000003	0	590	0	7.79127152534495	0	0	0	7.79127152534495	590		0	0		0	
		42.9000000000003	0	590	0	7.79127152534495	0	0	0	7.79127152534495	590		0	0		0	
		43.0000000000003	0	590	0	7.79127152534495	0	0	0	7.79127152534495	590		0	0		0	
		43.1000000000003	0	590	0	7.79127152534495	0	0	0	7.79127152534495	590		0	0		0	
		43.2000000000003	0	590	0	7.79127152534495	0	0	0	7.79127152534495	590		0	0		0	
		43.3000000000003	0	590	0	7.79127152534495	0	0	0	7.79127152534495	590		0	0		0	
		43.4000000000003	0	590	0	7.79127152534495	0	0	0	7.79127152534495	590		0	0		0	
		43.5000000000003	0	590	0	7.79127152534495	0	0	0	7.79127152534495	590		0	0		0	
		43.6000000000003	0	590	0	7.79127152534495	0	0	0	7.79127152534495	590		0	0		0	
		43.7000000000004	0	590	0	7.79127152534495	0	0	0	7.79127152534495	590		0	0		0	
		43.8000000000004	0	590	0	7.79127152534495	0	0	0	7.79127152534495	590		0	0		0	
		43.9000000000004	0	590	0	7.79127152534495	0	0	0	7.79127152534495	590		0	0		0	
		44.0000000000004	0	590	0	7.79127152534495	0	0	0	7.79127152534495	590		0	0		0	
		44.1000000000004	0	590	0	7.79127152534495	0	0	0	7.79127152534495	590		0	0		0	
		44.2000000000004	0	590	0	7.79127152534495	0	0	0	7.79127152534495	590		0	0		0	
		44.3000000000004	0	590	0	7.79127152534495	0	0	0	7.79127152534495	590		0	0		0	
		44.4000000000004	0	590	0	7.79127152534495	0	0	0	7.79127152534495	590		0	0		0	
		44.5000000000004	0	590	0	7.79127152534495	0	0	0	7.79127152534495	590		0	0		0	
		44.6000000000004	0	590	0	7.79127152534495	0	0	0	7.79127152534495	590		0	0		0	
		44.7000000000004	0	590	0	7.79127152534495	0	0	0	7.79127152534495	590		0	0		0	
		44.8000000000004	0	590	0	7.79127152534495	0	0	0	7.79127152534495	590		0	0		0	
		44.9000000000004	0	590	0	7.79127152534495	0	0	0	7.79127152534495	590		0	0		0	
		45.0000000000004	0	590	0	7.79127152534495	0	0	0	7.79127152534495	590		0	0		0	
		45.1000000000004	0	590	0	7.79127152534495	0	0	0	7.79127152534495	590		0	0		0	
		45.2000000000004	0	590	0	7.79127152534495	0	0	0	7.79127152534495	590		0	0		0	
		45.3000000000004	0	590	0	7.79127152534495	0	0	0	7.79127152534495	590		0	0		0	
		45.4000000000004	0	590	0	7.79127152534495	0	0	0	7.79127152534495	590		0	0		0	
		45.5000000000004	0	590	0	7.79127152534495	0	0	0	7.79127152534495	590		0	0		0	
		45.6000000000004	0	590	0	7.79127152534495	0	0	0	7.79127152534495	590		0	0		0	
		45.7000000000004	0	590	0	7.79127152534495	0	0	0	7.79127152534495	590		0	0		0	
		45.8000000000004	0	590	0	7.79127152534495	0	0	0	7.79127152534495	590		0	0		0	
		45.9000000000004	0	590	0	7.79127152534495	0	0	0	7.79127152534495	590		0	0		0	
		46.0000000000004	0	590	0	7.79127152534495	0	0	0	7.79127152534495	590		0	0		0	
		46.1000000000004	0	590	0	7.79127152534495	0	0	0	7.79127152534495	590		0	0		0	
		46.2000000000004	0	590	0	7.79127152534495	0	0	0	7.79127152534495	590		0	0		0	
		46.3000000000004	0	590	0	7.79127152534495	0	0	0	7.79127152534495	590		0	0		0	
		46.4000000000004	0	590	0	7.79127152534495	0	0	0	7.79127152534495	590		0	0		0	
		46.5000000000004	0	590	0	7.79127152534495	0	0	0	7.79127152534495	590		0	0		0	
		46.6000000000004	0	590	0	7.79127152534495	0	0	0	7.79127152534495	590		0	0		0	
		46.7000000000004	0	590	0	7.79127152534495	0	0	0	7.79127152534495	590		0	0		0	
		46.8000000000004	0	590	0	7.79127152534495	0	0	0	7.79127152534495	590		0	0		0	
		46.9000000000004	0	590	0	7.79127152534495	0	0	0	7.79127152534495	590		0	0		0	
		47.0000000000004	0	590	0	7.79127152534495	0	0	0	7.79127152534495	590		0	0		0	
		47.1000000000004	0	590	0	7.79127152534495	0	0	0	7.79127152534495	590		0	0		0	
		47.2000000000004	0	590	0	7.79127152534495	0	0	0	7.79127152534495	590		0	0		0	
		47.3000000000004	0	590	0	7.79127152534495	0	0	0	7.79127152534495	590		0	0		0	
		47.4000000000004	0	590	0	7.79127152534495	0	0	0	7.79127152534495	590		0	0		0	
		47.5000000000004	0	590	0	7.79127152534495	0	0	0	7.79127152534495	590		0	0		0	
		47.6000000000004	0	590	0	7.79127152534495	0	0	0	7.79127152534495	590		0	0		0	
		47.7000000000004	0	590	0	7.79127152534495	0	0	0	7.79127152534495	590		0	0		0	
		47.8000000000004	0	590	0	7.79127152534495	0	0	0	7.79127152534495	590		0	0		0	
		47.9000000000004	0	590	0	7.79127152534495	0	0	0	7.79127152534495	590		0	0		0	
		48.0000000000004	0	590	0	7.79127152534495	0	0	0	7.79127152534495	590		0	0		0	
		48.1000000000004	0	590	0	7.79127152534495	0	0	0	7.79127152534495	590		0	0		0	
		48.2000000000004	0	590	0	7.79127152534495	0	0	0	7.79127152534495	590		0	0		0	
		48.3000000000004	0	590	0	7.79127152534495	0	0	0	7.79127152534495	590		0	0		0	
		48.4000000000004	0	590	0	7.79127152534495	0	0	0	7.79127152534495	590		0	0		0	
		48.5000000000004	0	590	0	7.79127152534495	0	0	0	7.79127152534495	590		0	0		0	
		48.6000000000004	0	590	0	7.79127152534495	0	0	0	7.79127152534495	590		0	0		0	
		48.7000000000004	0	590	0	7.79127152534495	0	0	0	7.79127152534495	590		0	0		0	
		48.8000000000004	0	590	0	7.79127152534495	0	0	0	7.79127152534495	590		0	0		0	
		48.9000000000004	0	590	0	7.79127152534495	0	0	0	7.79127152534495	590		0	0		0	
		49.0000000000004	0	590	0	7.79127152534495	0	0	0	7.79127152534495	590		0	0		0	
		49.1000000000004	0	590	0	7.79127152534495	0	0	0	7.79127152534495	590		0	0		0	
		49.2000000000004	0	590	0	7.79127152534495	0	0	0	7.79127152534495	590		0	0		0	
		49.3000000000004	0	590	0	7.79127152534495	0	0	0	7.79127152534495	590		0	0		0	
		49.4000000000004	0	590	0	7.79127152534495	0	0	0	7.79127152534495	590		0	0		0	
		49.5000000000004	0	590	0	7.79127152534495	0	0	0	7.79127152534495	590		0	0		0	
		49.6000000000004	0	590	0	7.79127152534495	0	0	0	7.79127152534495	590		0	0		0	
		49.7000000000004	0	590	0	7.79127152534495	0	0	0	7.79127152534495	590		0	0		0	
		49.8000000000004	0	590	0	7.79127152534495	0	0	0	7.79127152534495	590		0	0		0	
		49.9000000000004	0	590	0	7.79127152534495	0	0	0	7.79127152534495	590		0	0		0	
		50.0000000000004	0	590	0	7.79127152534495	0	0	0	7.79127152534495	590		0	0		0	
		50.1000000000004	0	590	0	7.79127152534495	0	0	0	7.79127152534495	590		0	0		0	
		50.2000000000004	0	590	0	7.79127152534495	0	0	0	7.79127152534495	590		0	0		0	
		50.3000000000004	0	590	0	7.79127152534495	0	0	0	7.79127152534495	590		0	0		0	
		50.4000000000004	0	590	0	7.79127152534495	0	0	0	7.79127152534495	590		0	0		0	
		50.5000000000004	0	590	0	7.79127152534495	0	0	0	7.79127152534495	590		0	0		0	
		50.6000000000004	0	590	0	7.79127152534495	0	0	0	7.79127152534495	590		0	0		0	
		50.7000000000005	0	590	0	7.79127152534495	0	0	0	7.79127152534495	590		0	0		0	
		50.8000000000005	0	590	0	7.79127152534495	0	0	0	7.79127152534495	590		0	0		0	
		50.9000000000005	0	590	0	7.79127152534495	0	0	0	7.79127152534495	590		0	0		0	
		51.0000000000005	0	590	0	7.79127152534495	0	0	0	7.79127152534495	590		0	0		0	
		51.1000000000005	0	590	0	7.79127152534495	0	0	0	7.79127152534495	590		0	0		0	
		51.2000000000005	0	590	0	7.79127152534495	0	0	0	7.79127152534495	590		0	0		0	
		51.3000000000005	0	590	0	7.79127152534495	0	0	0	7.79127152534495	590		0	0		0	
		51.4000000000005	0	590	0	7.79127152534495	0	0	0	7.79127152534495	590		0	0		0	
		51.5000000000005	0	590	0	7.79127152534495	0	0	0	7.79127152534495	590		0	0		0	
		51.6000000000005	0	590	0	7.79127152534495	0	0	0	7.79127152534495	590		0	0		0	
		51.7000000000005	0	590	0	7.79127152534495	0	0	0	7.79127152534495	590		0	0		0	
		51.8000000000005	0	590	0	7.79127152534495	0	0	0	7.79127152534495	590		0	0		0	
		51.9000000000005	0	590	0	7.79127152534495	0	0	0	7.79127152534495	590		0	0		0	
		52.0000000000005	0	590	0	7.79127152534495	0	0	0	7.79127152534495	590		0	0		0	
		52.1000000000005	0	590	0	7.79127152534495	0	0	0	7.79127152534495	590		0	0		0	
		52.2000000000005	0	590	0	7.79127152534495	0	0	0	7.79127152534495	590		0	0		0	
		52.3000000000005	0	590	0	7.79127152534495	0	0	0	7.79127152534495	590		0	0		0	
		52.4000000000005	0	590	0	7.79127152534495	0	0	0	7.79127152534495	590		0	0		0	
		52.5000000000005	0	590	0	7.79127152534495	0	0	0	7.79127152534495	590		0	0		0	
		52.6000000000005	0	590	0	7.79127152534495	0	0	0	7.79127152534495	590		0	0		0	
		52.7000000000005	0	590	0	7.79127152534495	0	0	0	7.79127152534495	590		0	0		0	
		52.8000000000005	0	590	0	7.79127152534495	0	0	0	7.79127152534495	590		0	0		0	
		52.9000000000005	0	590	0	7.79127152534495	0	0	0	7.79127152534495	590		0	0		0	
		53.0000000000005	0	590	0	7.79127152534495	0	0	0	7.79127152534495	590		0	0		0	
		53.1000000000005	0	590	0	7.79127152534495	0	0	0	7.79127152534495	590		0	0		0	
		53.2000000000005	0	590	0	7.79127152534495	0	0	0	7.79127152534495	590		0	0		0	
		53.3000000000005	0	590	0	7.79127152534495	0	0	0	7.79127152534495	590		0	0		0	
		53.4000000000005	0	590	0	7.79127152534495	0	0	0	7.79127152534495	590		0	0		0	
		53.5000000000005	0	590	0	7.79127152534495	0	0	0	7.79127152534495	590		0	0		0	
		53.6000000000005	0	590	0	7.79127152534495	0	0	0	7.79127152534495	590		0	0		0	
		53.7000000000005	0	590	0	7.79127152534495	0	0	0	7.79127152534495	590		0	0		0	
		53.8000000000005	0	590	0	7.79127152534495	0	0	0	7.79127152534495	590		0	0		0	
		53.9000000000005	0	590	0	7.79127152534495	0	0	0	7.79127152534495	590		0	0		0	
		54.0000000000005	0	590	0	7.79127152534495	0	0	0	7.79127152534495	590		0	0		0	
		54.1000000000005	0	590	0	7.79127152534495	0	0	0	7.79127152534495	590		0	0		0	
		54.2000000000005	0	590	0	7.79127152534495	0	0	0	7.79127152534495	590		0	0		0	
		54.3000000000005	0	590	0	7.79127152534495	0	0	0	7.79127152534495	590		0	0		0	
		54.4000000000005	0	590	0	7.79127152534495	0	0	0	7.79127152534495	590		0	0		0	
		54.5000000000005	0	590	0	7.79127152534495	0	0	0	7.79127152534495	590		0	0		0	
		54.6000000000005	0	590	0	7.79127152534495	0	0	0	7.79127152534495	590		0	0		0	
		54.7000000000005	0	590	0	7.79127152534495	0	0	0	7.79127152534495	590		0	0		0	
		54.8000000000005	0	590	0	7.79127152534495	0	0	0	7.79127152534495	590		0	0		0	
		54.9000000000005	0	590	0	7.79127152534495	0	0	0	7.79127152534495	590		0	0		0	
		55.0000000000005	0	590	0	7.79127152534495	0	0	0	7.79127152534495	590		0	0		0	
		55.1000000000005	0	590	0	7.79127152534495	0	0	0	7.79127152534495	590		0	0		0	
		55.2000000000005	0	590	0	7.79127152534495	0	0	0	7.79127152534495	590		0	0		0	
		55.3000000000005	0	590	0	7.79127152534495	0	0	0	7.79127152534495	590		0	0		0	
		55.4000000000005	0	590	0	7.79127152534495	0	0	0	7.79127152534495	590		0	0		0	
		55.5000000000005	0	590	0	7.79127152534495	0	0	0	7.79127152534495	590		0	0		0	
		55.6000000000005	0	590	0	7.79127152534495	0	0	0	7.79127152534495	590		0	0		0	
		55.7000000000005	0	590	0	7.79127152534495	0	0	0	7.79127152534495	590		0	0		0	
		55.8000000000005	0	590	0	7.79127152534495	0	0	0	7.79127152534495	590		0	0		0	
		55.9000000000005	0	590	0	7.79127152534495	0	0	0	7.79127152534495	590		0	0		0	
		56.0000000000005	0	590	0	7.79127152534495	0	0	0	7.79127152534495	590		0	0		0	
		56.1000000000005	0	590	0	7.79127152534495	0	0	0	7.79127152534495	590		0	0		0	
		56.2000000000005	0	590	0	7.79127152534495	0	0	0	7.79127152534495	590		0	0		0	
		56.3000000000005	0	590	0	7.79127152534495	0	0	0	7.79127152534495	590		0	0		0	
		56.4000000000005	0	590	0	7.79127152534495	0	0	0	7.79127152534495	590		0	0		0	
		56.5000000000005	0	590	0	7.79127152534495	0	0	0	7.79127152534495	590		0	0		0	
		56.6000000000005	0	590	0	7.79127152534495	0	0	0	7.79127152534495	590		0	0		0	
		56.7000000000005	0	590	0	7.79127152534495	0	0	0	7.79127152534495	590		0	0		0	
		56.8000000000005	0	590	0	7.79127152534495	0	0	0	7.79127152534495	590		0	0		0	
		56.9000000000005	0	590	0	7.79127152534495	0	0	0	7.79127152534495	590		0	0		0	
		57.0000000000005	0	590	0	7.79127152534495	0	0	0	7.79127152534495	590		0	0		0	
		57.1000000000005	0	590	0	7.79127152534495	0	0	0	7.79127152534495	590		0	0		0	
		57.2000000000005	0	590	0	7.79127152534495	0	0	0	7.79127152534495	590		0	0		0	
		57.3000000000005	0	590	0	7.79127152534495	0	0	0	7.79127152534495	590		0	0		0	
		57.4000000000005	0	590	0	7.79127152534495	0	0	0	7.79127152534495	590		0	0		0	
		57.5000000000005	0	590	0	7.79127152534495	0	0	0	7.79127152534495	590		0	0		0	
		57.6000000000005	0	590	0	7.79127152534495	0	0	0	7.79127152534495	590		0	0		0	
		57.7000000000005	0	590	0	7.79127152534495	0	0	0	7.79127152534495	590		0	0		0	
		57.8000000000006	0	590	0	7.79127152534495	0	0	0	7.79127152534495	590		0	0		0	
		57.9000000000006	0	590	0	7.79127152534495	0	0	0	7.79127152534495	590		0	0		0	
