# Sheet 'Remous' UsedRange starts at A2 ; data extent rows=199 cols=22
																					
																					
																					
																					
	Cote seuil 	600																			
	RN	600																			
	PHEE	603.067313368364																			
	Hd	3.06731336836435																			
	Qs	794.925467002904																			
	Nbr de passes	1																			
	Longueur passe	70																			
	Ks	70																			
	Talus aval	0.8																			
																					
																					
CREAGER	L	5.087962656394																			
	Z	596.270316666967																			
	k	0.5																			
	n	1.756																			
																					
																					
Convergent	L	6.73																			
	Z	-																			
																					
																					
CUILLERE	L	13.8802159899722																			
	Z	585.28																			
	R	3																			
	Xr	15.8085788190318																			
	Zr	587.578133329357																			
																					
																					
			Pas Creager	0.130460580933179	-1.15463194561016E-14																
			Pas coursier	0.325639012354748	-5.00222085975111E-12																
			Pas cuillère	0.105649753083122		4.30004895690672E-06															
1	2	3	4	5	6	7	8	9	10	11	12	13	14	15	16	17					
			X	Z	L	Q	h	S	Pm	Rh	V	Fr	J	Cumul J	H	DH		Z+h	Mur	Hauteur Mur	
			0	600	70	794.925467002904	2.36004816940344	165.20337185824	74.7200963388069	2.21096304679736	4.8117992875171	1.00002893525225	0	0	603.540140543682	0		602.360048169403	603.207085191962	3.2070851919616	
			0.130460580933179	599.994005368246	70	794.925467002904	2.26295696000455	158.406987200318	74.5259139200091	2.12552894514439	5.01824749685856	1.06507312419139	0.000245337922468133	0.000245337922468133	603.5407350841	0.000594540417409917		602.25696232825	603.110731752762	3.11672638451671	
			0.260921161866358	599.979752510508	70	794.925467002904	2.19209157755958	153.446410429171	74.3841831551192	2.06289030705865	5.18047613352176	1.11713543294505	0.000272095318024087	0.00051743324049222	603.540217432112	7.6888430157851E-05		602.171844088067	603.030839282744	3.05108677223654	
			0.391381742799537	599.958734469453	70	794.925467002904	2.12417433598133	148.692203518693	74.2483486719627	2.00263313835613	5.34611397364199	1.17113950480852	0.000301456364078387	0.000818889604570607	603.540452191429	0.000311647747139432		602.082908805435	602.947183606443	2.98844913698906	
			0.521842323732716	599.931612007618	70	794.925467002904	2.06283168528403	144.398217969882	74.1256633705681	1.94801923387867	5.50509194766312	1.22376541843482	0.000331656154932106	0.00115054575950271	603.540244460487	0.000103916805187509		601.994443692902	602.863734766353	2.93212275873498	
			0.652302904665896	599.898806215665	70	794.925467002904	2.00379222158158	140.265455510711	74.0075844431632	1.895284876085	5.66729323416486	1.27824716259889	0.000364587633638806	0.00151513339314152	603.541127464728	0.000986921045409872		601.902598437246	602.776957966876	2.87815175121148	
			0.782763485599075	599.860621397546	70	794.925467002904	1.95065175795478	136.545623056835	73.9013035159096	1.84767543413411	5.82168398522764	1.33083511587192	0.00039799679023383	0.00191313018337535	603.540607510142	0.000466966459384821		601.811273155501	602.690412340175	2.82979094262953	
			0.913224066532254	599.817293218146	70	794.925467002904	1.90004037058385	133.002825940869	73.8000807411677	1.80220434185347	5.97675621837022	1.3843618547833	0.000433652914933498	0.00234678309830885	603.540353913817	0.000213370134702018		601.71733358873	602.6012311775	2.78393795935392	
			1.04368464746543	599.769012474174	70	794.925467002904	1.85195277219754	129.636694053828	73.7039055443951	1.75888500204026	6.13194800133388	1.43862964752704	0.000471516499019038	0.00281829959732788	603.540235446635	9.49029526964296E-05		601.620965246372	602.509583879027	2.74057140485331	
			1.17414522839861	599.715938512809	70	794.925467002904	1.80624819288423	126.437373501896	73.6124963857685	1.71760746761389	6.28710835242858	1.49357738315425	0.000511626729081628	0.00332992632640951	603.540181842783	4.12991004168362E-05		601.522186705693	602.415485772756	2.69954725994705	
			1.30460580933179	599.658207514822	70	794.925467002904	1.76275311759725	123.392718231808	73.5255062351945	1.67823010748266	6.44223969123967	1.54919693761283	0.000554057675622893	0.00388398400203241	603.540158186217	1.76425347717668E-05		601.42096063242	602.318900919808	2.6606934049853	
			1.43506639026497	599.595937948029	70	794.925467002904	1.7208577116308	120.460039814156	73.4417154232616	1.64021277444184	6.59908022801008	1.60611420603546	0.000599399612746356	0.00448338361477876	603.540843765788	0.000703222105926216		601.31679565966	602.219390582903	2.62345263487418	
			1.56552697119815	599.5292343376	70	794.925467002904	1.68148849453024	117.704194617116	73.3629769890605	1.60440864653936	6.75358656153879	1.66284977856227	0.000646545129136736	0.0051299287439155	603.540568940496	0.000428396814072585		601.21072283213	602.117867194351	2.58863285675193	
			1.69598755213133	599.458189974889	70	794.925467002904	1.64377800056386	115.064460039471	73.2875560011277	1.57004089531516	6.9085229855528	1.7203987617471	0.000696368346751708	0.0058262970906672	603.540398240021	0.000257696338962887		601.101967975453	602.013639732099	2.55544975720966	
			1.82644813306451	599.382888925055	70	794.925467002904	1.60764376725404	112.535063707783	73.2152875345081	1.53704325281441	7.06380252351451	1.77872633592945	0.000748937440294015	0.00657523453096122	603.540293762274	0.000153218591663062		600.990532692309	601.906708035978	2.52381911092289	
			1.95690871399769	599.303407553664	70	794.925467002904	1.5729992375162	110.109946626134	73.1459984750324	1.50534477513106	7.21937927825887	1.83781206726117	0.000804331305886084	0.0073795658368473	603.540230656882	9.01131998034543E-05		600.87640679118	601.79706136582	2.49365381215625	
			2.08736929493087	599.219815712835	70	794.925467002904	1.53975922540113	107.783145778079	73.0795184508023	1.47487487688687	7.37522978443794	1.89764357663107	0.000862635716928427	0.00824220155377573	603.540192999793	5.24561108932176E-05		600.759574938236	601.684684478092	2.46486876525682	
			2.21782987586404	599.132177679968	70	794.925467002904	1.5078425494902	105.548978464314	73.0156850989804	1.44556581673145	7.53134211783649	1.95821275636829	0.000923940818304931	0.00916614237208066	603.540170780387	3.02367051290275E-05		600.640020229458	601.569560867815	2.43738318784733	
			2.34829045679722	599.040552912531	70	794.925467002904	1.47717311473407	103.402118031385	72.9543462294681	1.41735377500537	7.68770971172586	2.01951356641211	0.000988339517346915	0.0101544818894276	603.540157808429	1.72647464751208E-05		600.517726027265	601.451674421549	2.41112150901802	
			2.4787510377304	598.944996663424	70	794.925467002904	1.44768017649583	101.337612354708	72.8953603529917	1.39017918100667	7.84432796995903	2.08154078967781	0.0010559264626692	0.0112104083520968	603.540150311487	9.76780495420826E-06		600.39267683992	601.331010198917	2.38601353549325	
			2.60921161866358	598.845560488805	70	794.925467002904	1.41907348683614	99.33514407853	72.8381469736723	1.36377912132272	8.00245949585044	2.14479870107453	0.00112738299779283	0.0123377913498896	603.540955354286	0.00081481060351507		600.264633975641	601.2073651586	2.36180466979488	
			2.73967219959676	598.742292671726	70	794.925467002904	1.39181734485084	97.4272141395586	72.7836346897017	1.33858682044281	8.15917271188952	2.20810896202279	0.00120147135521047	0.0135392627051001	603.540722640263	0.00058209658072883		600.134110016577	601.081171089191	2.33887841746525	
			2.87013278052994	598.635238578966	70	794.925467002904	1.36553043520597	95.5871304644178	72.7310608704119	1.31425458834884	8.31623946801933	2.2721750707182	0.00127908046183691	0.014818343166937	603.540553661592	0.000413117909602079		600.000769014172	600.952142016661	2.31690343769492	
			3.00059336146312	598.524440964199	70	794.925467002904	1.3401687160584	93.8118101240877	72.6803374321168	1.29074538504596	8.47361825714089	2.33697815698547	0.00136029648681919	0.0161786396537562	603.540431865668	0.000291321985514514		599.864609680257	600.820276035847	2.29583507164818	
			3.1310539423963	598.409940227602	70	794.925467002904	1.31568931888987	92.0982523222908	72.6313786377797	1.26802291309373	8.63127634844929	2.40250247366323	0.00144520837516677	0.0176238480289229	603.54034469948	0.000204155797405292		599.725629546491	600.685570304929	2.27563007732715	
			3.26151452332948	598.291774639744	70	794.925467002904	1.29205098267535	90.4435687872746	72.5841019653507	1.24605204636202	8.78918730941044	2.46873452659266	0.00153390721767071	0.0191577552465937	603.540282743614	0.000142199931474352		599.583825622419	600.548021629452	2.25624698970796	
			3.39197510426266	598.169980535924	70	794.925467002904	1.26921429242704	88.8450004698925	72.5384285848541	1.22479907827012	8.94732920027712	2.53566243064073	0.00162648574102314	0.0207842409876168	603.540238998907	9.84552249292392E-05		599.439194828351	600.407626841997	2.23764630607241	
			3.52243568519584	598.044592485868	70	794.925467002904	1.24714178615354	87.2999250307479	72.4942835723071	1.20423184737971	9.10568327204087	2.60327543838975	0.0017230378985924	0.0225072788862092	603.540208311903	6.77682205605379E-05		599.291734272021	600.264383041003	2.21979055513521	
			3.65289626612902	597.915643442711	70	794.925467002904	1.22579797532788	85.8058582729519	72.4515959506558	1.18431978132533	9.26423303726202	2.67156359922917	0.00182365854411958	0.0243309374303288	603.540186920642	4.63769597445207E-05		599.141441418038	600.118287733634	2.20264429092299	
			3.78335684706219	597.783164874464	70	794.925467002904	1.20514931022761	84.3604517159326	72.4102986204552	1.16503388776388	9.42296361427343	2.74051751586855	0.00192844317276579	0.0262593806030946	603.540172101275	3.15575924787481E-05		598.988314184692	599.969338914127	2.18617403966221	
			3.91381742799537	597.647186880565	70	794.925467002904	1.18516411168081	82.9614878176567	72.3703282233616	1.14634671217197	9.58186126977486	2.81012817285683	0.00203748771617497	0.0282968683192695	603.540161896916	2.13532335919808E-05		598.832350992245	599.817535099465	2.17034821890036	
			4.04427800892855	597.507738295636	70	794.925467002904	1.16581248378725	81.6068738651076	72.3316249675745	1.12823227601607	9.74091310392405	2.8803868177569	0.00215088838037535	0.0304477566996449	603.540154912178	1.43684952718104E-05		598.673550779423	599.662875337371	2.15513704173532	
			4.17473858986173	597.364846782256	70	794.925467002904	1.14706621730279	80.2946352111952	72.2941324346056	1.11066600437908	9.9001068366778	2.95128488039978	0.00226874151731467	0.0327164982169596	603.540150159225	9.61554258083197E-06		598.511912999559	599.505359196858	2.14051241460254	
			4.30519917079491	597.218538914192	70	794.925467002904	1.12889868999008	79.0229082993054	72.2577973799802	1.09362464902922	10.0594306652453	3.02281391935472	0.00239114352256683	0.0351076417395264	603.540146943622	6.39993993445387E-06		598.347437604182	599.344986748225	2.12644783403243	
			4.43565975172809	597.068840251354	70	794.925467002904	1.11117708548734	77.7823959841135	72.2223541709747	1.07698505368541	10.2198634658318	3.09541549089583	0.00251899427618763	0.037626636015714	603.541069521289	0.000928977607145498		598.180017336841	599.181676155967	2.11283590461289	
			4.56612033266127	596.915775407503	70	794.925467002904	1.09412049683569	76.5884347784986	72.1882409936714	1.0609544397295	10.3791841327207	3.168079971879	0.00265061925600906	0.0402772552717231	603.540869554152	0.000729010470081448		598.009895904338	599.015614681831	2.0998392743287	
			4.69658091359445	596.759368111619	70	794.925467002904	1.07756451284129	75.4295158988904	72.1551290256826	1.0453798214683	10.5386526418712	3.24137252314737	0.00278711309241564	0.0430643683641387	603.540710525241	0.000569981559124244		597.83693262446	598.846694377684	2.08732626606479	
			4.82704149452763	596.599641263671	70	794.925467002904	1.0614895592245	74.3042691457149	72.122979118449	1.03024403669853	10.6982475723435	3.31528048148762	0.00292856613855922	0.045992934502698	603.540584568772	0.00044402508967778		597.661130822895	598.674918390872	2.07527712720082	
			4.95750207546081	596.436616985441	70	794.925467002904	1.04587681376685	73.2113769636793	72.0917536275337	1.01553053268658	10.8579499521949	3.38979210807605	0.00307506937887676	0.0490680038815747	603.540485205962	0.000344662279985641		597.482493799208	598.500289902271	2.06367291683034	
			5.08796265639399	596.270316666967	70	794.925467002904	1.030708219122	72.1495753385401	72.061416438244	1.0012233856154	11.0177428387202	3.46489643468194	0.00322671428001083	0.0522947181615855	603.540407130253	0.000266586570319305		597.301024886088	598.322812173677	2.05249550671033	
			5.41360166874873	595.863267901523	70	794.925467002904	0.996494485179534	69.7546139625674	71.9929889703591	0.968908430670752	11.3960270417307	3.64486558969591	0.00900195790993839	0.0612966760715239	603.540296184887	0.000155641204855783		596.859762386703	597.890922106782	2.02765420525895	
			5.73924068110348	595.45621913608	70	794.925467002904	0.965780255736556	67.6046179015589	71.9315605114731	0.939846395947103	11.7584492254718	3.82011452675229	0.00998078280114179	0.0712774588726657	603.540225280251	8.47365683966927E-05		596.421999391816	597.462041728586	2.00582259250575	
			6.06487969345823	595.049170370636	70	794.925467002904	0.937986050473645	65.6590235331551	71.8759721009473	0.913504494115771	12.1068731185364	3.99116146169244	0.0109898073607723	0.082267266233438	603.540187026199	4.64825163817295E-05		595.98715642111	597.035652628662	1.98648225802526	
			6.39051870581298	594.642121605193	70	794.925467002904	0.912663074261148	63.8864151982804	71.8253261485223	0.889469197343767	12.4427934254214	4.15841805281282	0.0120282260249292	0.0942954922583672	603.540166217977	2.56742946476152E-05		595.554784679454	596.611354916595	1.96923331140215	
			6.71615771816773	594.23507283975	70	794.925467002904	0.889456017366779	62.2619212156745	71.7789120347336	0.867412439820016	12.7674419851147	4.32222280695658	0.0130952544091468	0.107390746667514	603.54015481496	1.42712774504616E-05		595.124528857116	596.188833431457	1.95376059170735	
			7.04179673052247	593.828024074306	70	794.925467002904	0.868079024893446	60.7655317425412	71.7361580497869	0.847069781746163	13.081848281538	4.48285790457106	0.0141901279963952	0.121580874663909	603.540148523363	7.97968061760912E-06		594.6961030992	595.76783575014	1.93981167583354	
			7.36743574287722	593.420975308863	70	794.925467002904	0.848298876165287	59.3809213315701	71.6965977523306	0.828225092865579	13.3868833486805	4.6405614667835	0.0153121013342621	0.136892975998171	603.540145030098	4.48641537786898E-06		594.269274185028	595.348156839431	1.92718153056808	
			7.69307475523197	593.013926543419	70	794.925467002904	0.829882749192633	58.0917924434843	71.6597654983853	0.810661213296788	13.6839548853009	4.79588500943052	0.0164630800691978	0.153356056067369	603.541029839146	0.000889295463593953		593.843809292612	594.929603265972	1.91567672255292	
			8.01871376758672	592.606877777976	70	794.925467002904	0.812763441552166	56.8934409086516	71.6255268831043	0.794317939210471	13.9721812269931	4.94820434205072	0.01763638649544	0.170992442562809	603.540778832322	0.000638288640061546		593.419641219528	594.512093082387	1.90521530441106	
			8.34435277994146	592.199829012533	70	794.925467002904	0.796747450321916	55.7723215225341	71.5934949006438	0.779013814033439	14.2530460504809	5.09815274831715	0.0188348506221369	0.189827293184946	603.540599562213	0.00045901853104624		592.996576462855	594.095472263025	1.89564325049207	
			8.66999179229621	591.792780247089	70	794.925467002904	0.781720958551802	54.7204670986262	71.5634419171036	0.764642751001444	14.5270226873276	5.24585440819609	0.0200577467779837	0.20988503996293	603.540471268954	0.000330725271851406		592.574501205641	593.679642245206	1.88686199811661	
			8.99563080465096	591.385731481646	70	794.925467002904	0.767586101525223	53.7310271067656	71.5351722030505	0.751113409697984	14.7945332484219	5.39142059460874	0.0213043782642548	0.231189418227184	603.540379276559	0.000238732877164693		592.153317583171	593.264518695792	1.8787872141462	
			9.32126981700571	590.978682716202	70	794.925467002904	0.754258199931812	52.7980739952268	71.5085163998636	0.738346656501567	15.0559557735907	5.53495133157612	0.0225740730519132	0.253763491279098	603.540313187042	0.000172643359974245		591.732940916134	592.850028995418	1.87134627921546	
			9.64690882936045	590.571633950759	70	794.925467002904	0.741663554552618	51.9164488186833	71.4833271091052	0.726273537036728	15.3116302268508	5.67653682557635	0.0238661804562709	0.277629671735369	603.540265617608	0.000125073925914876		591.313297505312	592.436110241283	1.86447629052361	
			9.9725478417152	590.164585185316	70	794.925467002904	0.729737673869917	51.0816371708942	71.4594753477398	0.714833644136317	15.5618635390145	5.8162586980585	0.0251800685446222	0.302809740279991	603.540231315414	9.07717316067647E-05		590.894322859186	592.022707648071	1.85812246275532	
			10.2981868540699	589.757536419872	70	794.925467002904	0.718423838439915	50.289668690794	71.4368476768798	0.703973794004211	15.806933863305	5.9541910456199	0.0265151220951737	0.329324862375165	603.540206535514	6.59918317751362E-05		590.475960258312	591.609773257351	1.85223683747881	
			10.6238258664247	589.350487654429	70	794.925467002904	0.707671929438606	49.5370350607024	71.4153438588772	0.693646944536063	16.0470941797143	6.09040135196721	0.0278707409724416	0.357195603347606	603.540188602741	4.80590589404528E-05		590.058159583867	591.197264888051	1.84677723362188	
			10.9494648787794	588.943438888985	70	794.925467002904	0.69743746609639	48.8206226267473	71.3948749321928	0.68381130540693	16.2825753591964	6.22495127303709	0.0292463388190039	0.38644194216661	603.540175602443	3.50587605453256E-05		589.640876355082	590.78514527689	1.84170638790454	
			11.2751038911342	588.536390123542	70	794.925467002904	0.687680809560313	48.1376566692219	71.3753616191206	0.674429601157024	16.5135887786403	6.35789731389696	0.0306413419891691	0.417083284155779	603.540166161704	2.56180221640534E-05		589.224070933102	590.373381369652	1.8369912461103	
			11.6007429034889	588.129341358099	70	794.925467002904	0.678366500309274	47.4856550216492	71.3567330006185	0.665468457212546	16.7403285611305	6.48929141345702	0.0320551886690827	0.449138472824862	603.54015929426	1.87505781923392E-05		588.807707858408	589.961943733118	1.83260237501975	
			11.9263819158437	587.722292592655	70	794.925467002904	0.669462703474472	46.862389243213	71.3389254069489	0.65689788535346	16.9629735026374	6.61918145068739	0.0334873281417914	0.482625800966653	603.540154290327	1.37466445266909E-05		588.39175529613	589.550806064197	1.82851347154144	
			12.2520209281984	587.315243827212	70	794.925467002904	0.660940741909533	46.2658519336673	71.3218814838191	0.648690850144828	17.1816887354114	6.74761168397697	0.0349372201661241	0.517563021132777	603.540150638193	1.00945110261819E-05		587.976184569121	589.139944777873	1.82470095066117	
			12.5776599405532	586.908195061769	70	794.925467002904	0.6527747010606	45.694229074242	71.3055494021212	0.640822901686845	17.3966271695129	6.87462313348627	0.0364043344458611	0.553967355578639	603.540147968308	7.42462532343779E-06		587.560969762829	588.729338659475	1.82114359770617	
			12.9032989529079	586.501146296325	70	794.925467002904	0.644941092930741	45.1458765051518	71.2898821858615	0.633271863003659	17.6079307467248	7.00025391482367	0.0378881501713411	0.59185550574998	603.540146013327	5.46964452041721E-06		587.146087389256	588.318968569732	1.81782227340682	
			13.2289379652627	586.094097530882	70	794.925467002904	0.63741856895322	44.6192998267254	71.2748371379064	0.626017562697387	17.8157315352307	7.12453953107881	0.0393881556198417	0.631243661369821	603.540144579523	4.0358412434216E-06		586.731516099835	587.908817193428	1.81471966254594	
			13.5545769776174	585.687048765438	70	794.925467002904	0.630187673558919	44.1131371491243	71.2603753471178	0.619041605299494	18.0201526886574	7.2475131291523	0.0409038478041881	0.672147509174009	603.540143526282	2.98259942610457E-06		586.317236438997	587.498868824226	1.81182005878748	
			13.8802159899722	585.279999999995	70	794.925467002904	0.62323063177417	43.6261442241919	71.2464612635483	0.612327173174456	18.2213092891692	7.36920572540227	0.0424347321613988	0.714582241335408	603.54014275137	2.207687543887E-06		585.903230631769	587.089109179683	1.80910917968833	1.80910917968828
			13.9858657430553	585.19533727374	70	794.925467002904	0.621906644383621	43.5334651068534	71.2438132887672	0.611049059521877	18.2601009373306	7.39275088252105	0.0138647054448808	0.728446946780289	603.540149898619	9.35493721954117E-06		585.817243918123	587.003939507914	1.80860223417403	1.80860223417402
			14.0915154961384	585.118114316184	70	794.925467002904	0.620730762275108	43.4511533592576	71.2414615245502	0.609913839910261	18.2946919827512	7.41376752844635	0.0139518337465913	0.74239878052688	603.540150828595	1.02849129461902E-05		585.738845078459	586.926268747846	1.80815443166227	1.8081544316623
			14.1971652492215	585.047649915653	70	794.925467002904	0.619687649075596	43.3781354352917	71.2393752981512	0.608906735267476	18.325487230513	7.43249467005981	0.0140297229976983	0.756428503524578	603.540151503304	1.09596215907004E-05		585.667337564728	586.855409032943	1.80775911728983	1.80775911728981
			14.3028150023047	584.983393394752	70	794.925467002904	0.618765045849543	43.313553209468	71.2375300916991	0.608015931401798	18.3528112588357	7.44912408152279	0.0140990870228087	0.770527590547387	603.540151938511	1.13948284479193E-05		585.602158440601	586.790804384439	1.80741098968701	1.80741098968701
			14.4084647553878	584.924893685302	70	794.925467002904	0.617952952140616	43.2567066498431	71.2359059042812	0.607231789934231	18.3769299275997	7.46381300037455	0.0141605131624662	0.784688103709853	603.540152150118	1.16064358053336E-05		585.542846637442	586.731999428783	1.80710574348132	1.80710574348126
			14.5141145084709	584.871777449454	70	794.925467002904	0.617243126298191	43.2070188408734	71.2344862525964	0.606546366989466	18.3980632852853	7.47669171056705	0.0142144899934666	0.79890259370332	603.540152152604	1.16089214543535E-05		585.489020575752	586.678617296827	1.80683984737243	1.80683984737245
			14.619764261554	584.823733222632	70	794.925467002904	0.616628723911859	43.1640106738301	71.2332574478237	0.605953064907168	18.4163949223759	7.48786903933547	0.0142614274377842	0.813164021141104	603.540151958353	1.14146705527673E-05		585.440361946543	586.630343606436	1.80661038380401	1.80661038380398
			14.7254140146371	584.780499685271	70	794.925467002904	0.616121383733271	43.128496861329	71.2322427674665	0.60546313278552	18.4315597540723	7.49711968097382	0.014300338309289	0.827464359450393	603.539192205618	-0.000948338064631571		585.396621069004	586.586921072693	1.80642138742223	1.80642138742231
			14.8310637677203	584.741856839933	70	794.925467002904	0.615680026442434	43.0976018509704	71.2313600528849	0.605036908167597	18.4447726291528	7.50518271995288	0.0143343012568347	0.841798660707228	603.539276268221	-0.000864275460799035		585.357536866375	586.548114166751	1.8062573268179	1.80625732681792
			14.9367135208034	584.707619281012	70	794.925467002904	0.615319485314259	43.0723639719981	71.2306389706285	0.604688720955581	18.4555801840757	7.51178008144444	0.0143621234118002	0.856160784119028	603.539366621335	-0.000773922347661937		585.322938766326	586.513742834057	1.80612355304493	1.80612355304497
			15.0423632738865	584.677631004176	70	794.925467002904	0.615036419090322	43.0525493363225	71.2300728381806	0.604415349035633	18.4640742361856	7.51696654470549	0.01438401637108	0.870544800490108	603.539462855733	-0.000677687949291794		585.292667423267	586.483649684679	1.80601868050269	1.80601868050264
			15.1480130269696	584.651761371735	70	794.925467002904	0.614828052238408	43.0379636566885	71.2296561044768	0.60421411544599	18.4703317597454	7.52078814819204	0.0144001597351448	0.884944960225253	603.539564726454	-0.0005758172279684		585.266589423973	586.457702942255	1.80594157052019	1.80594157052017
			15.2536627800527	584.629901962981	70	794.925467002904	0.614692104686764	43.0284473280735	71.2293842093735	0.604082820674043	18.4744167257986	7.52328327361305	0.0144107051034067	0.89935566532866	603.539672126394	-0.000468417288061573		585.244594067668	586.435793263584	1.80589130060321	1.80589130060312
			15.3593125331359	584.611964115648	70	794.925467002904	0.614626737175425	43.0238716022797	71.2292534743509	0.604019689996784	18.476381538866	7.52448349323481	0.0144157792067609	0.91377144453542	603.539785068498	-0.000355475184733223		585.226590852823	586.417831256266	1.8058671406186	1.80586714061861
			15.464962286219	584.597877018504	70	794.925467002904	0.614630509078023	43.0241356354616	71.2292610181561	0.604023332833608	18.4762681518628	7.52441422826617	0.0144154863523506	0.928186930887771	603.539903674553	-0.000236869129707884		585.212507527582	586.403745553028	1.80586853452405	1.80586853452402
			15.5706120393021	584.587586253696	70	794.925467002904	0.614702346418737	43.0291642493116	71.2294046928375	0.604092711919554	18.4741089182466	7.52309525302793	0.0144099103078205	0.942596841195592	603.540028169304	-0.000112374378318236		585.202288600115	586.393481340329	1.80589508663297	1.80589508663291
			15.6762617923852	584.58105271575	70	794.925467002904	0.614842190329181	43.0389533230427	71.2296843806584	0.604227769605693	18.4699070406368	7.52052874266666	0.0143990636299103	0.956995904825502	603.540121498456	-1.90452260540042E-05		585.195894906079	586.386999515986	1.80594680023603	1.80594680023599
			15.7819115454683	584.578251855611	70	794.925467002904	0.615053140865221	43.0537198605655	71.2301062817304	0.604431498252701	18.463572243638	7.51665999517396	0.0143827218634249	0.971378626688927	603.539989433361	-0.000151110320871339		585.193304996477	586.384276727527	1.80602487191527	1.80602487191523
			15.8875612985515	584.579173214929	70	794.925467002904	0.615330950333583	43.0731665233508	71.2306619006672	0.604699793235353	18.4552363145152	7.5115701400237	0.0143612375981961	0.985739864287123	603.539864183709	-0.000276359973440776		585.194504165263	586.385301018501	1.80612780357205	1.80612780357207
			15.9932110516346	584.583820229715	70	794.925467002904	0.615675871193787	43.0973109835651	71.2313517423876	0.605032895338405	18.4448971144869	7.5052586997527	0.0143346215075452	1.00007448579467	603.539745386093	-0.000395157589650807		585.199496100909	586.390076013525	1.80625578380989	1.80625578380995
			16.0988608047177	584.592210294718	70	794.925467002904	0.616088474272386	43.1261931990671	71.2321769485448	0.605431352045013	18.4325443085967	7.49772039695535	0.0143028671066955	1.01437735290136	603.539632782869	-0.000507760812752167		585.208298768991	586.398619437666	1.80640914294816	1.8064091429482
		6.56826501068799	16.2045105578008	584.60437509133	70	794.925467002904	0.616569658267535	43.1598760787275	71.2331393165351	0.605896026664501	18.4181591613676	7.48894504038949	0.0142659504182261	1.02864330331959	603.539526222818	-0.000614320864087858		585.220944749597	586.410963449309	1.80658835797942	1.80658835797941
		8.60428356045843	16.3101603108839	584.620361193605	70	794.925467002904	0.617120665816892	43.1984466071824	71.2342413316338	0.606428113778462	18.4017141688316	7.47891731587526	0.0142238293025053	1.04286713262209	603.539425666426	-0.000714877256427826		585.237481859422	586.427155254152	1.80679406054685	1.80679406054685
		10.6513256904458	16.4158100639671	584.640230979861	70	794.925467002904	0.617743106829026	43.2420174780318	71.235486213658	0.607029161678424	18.3831725105506	7.46761647260769	0.0141764424220142	1.05704357504411	603.539331196528	-0.000809347154017814		585.25797408669	586.447258028144	1.80702704828366	1.80702704828364
		12.712237600171	16.5214598170502	584.664063892527	70	794.925467002904	0.618438990139998	43.2907293097999	71.23687798028	0.607701102816209	18.3624872963957	7.45501589037368	0.0141237077906291	1.07116728283474	603.539243035548	-0.00089750813469891		585.282502882667	586.471352192552	1.80728830002442	1.80728830002441
		14.7900365562691	16.6271095701333	584.691958107805	70	794.925467002904	0.619210765007713	43.3447535505399	71.2384215300154	0.608446293721951	18.3396005718667	7.441082506806	0.0140655208369149	1.08523280367165	603.539161571266	-0.000978972416646684		585.311168872812	586.499537103417	1.80757899561263	1.80757899561272
		16.887956496018	16.7327593232164	584.724032701193	70	794.925467002904	0.620042162697208	43.4029513888046	71.2400843253944	0.60924901759743	18.3150094997445	7.42612120686987	0.0140031879995965	1.09923599167125	603.540129050043	-1.14936390218645E-05		585.34407486389	586.531925966721	1.80789326552792	1.80789326552789
		19.0095019020334	16.8384090762996	584.76043042784	70	794.925467002904	0.620973829748125	43.4681680823687	71.2419476594962	0.610148508153182	18.2875309006946	7.40941500351522	0.0139337649674004	1.11316975663865	603.540128878848	-1.16648346875081E-05		585.381404257588	586.568677236706	1.80824680886633	1.80824680886633
		21.1585127130624	16.9440588293827	584.801321282045	70	794.925467002904	0.621992141905834	43.5394499334084	71.2439842838117	0.611131597581096	18.257590948409	7.39122665065551	0.0138583981176256	1.12702815475628	603.540128899779	-1.16439028943205E-05		585.423313423951	586.609956165085	1.80863488303964	1.80863488303966
		23.3392439835279	17.0497085824658	584.846907064413	70	794.925467002904	0.623102044348755	43.6171431044129	71.2462040886975	0.612203045233287	18.2250695580857	7.37148697953891	0.0137768569191843	1.14080501167546	603.540129125385	-1.1418297617638E-05		585.470009108762	586.655966882001	1.80905981758815	1.80905981758805
		25.5564654042991	17.1553583355489	584.89742727798	70	794.925467002904	0.624309398107333	43.7016578675133	71.2486187962147	0.613368491991526	18.1898240431247	7.3501137112049	0.0136888653515044	1.15449387702696	603.540129570435	-1.09732470718882E-05		585.521736676087	586.706951645505	1.80952436752568	1.80952436752562
		27.8155878646032	17.261008088632	584.953166812083	70	794.925467002904	0.625621171122698	43.7934819785888	71.2512423422454	0.614634644098316	18.1516844765062	7.32700877458865	0.0135940926719156	1.16808796969888	603.540130251306	-1.02923762597129E-05		585.578787983206	586.763198615601	1.81003180351786	1.81003180351783
		30.1228273703379	17.3666578417152	585.014466081239	70	794.925467002904	0.627045690483123	43.8931983338186	71.2540913809662	0.616009515848568	18.1104475676914	7.30205476608683	0.0134921412195355	1.18158011091842	603.54013118448	-9.35920206757146E-06		585.641511771722	586.825052112194	1.81058603095551	1.81058603095552
		32.4854214960393	17.4723075947983	585.081734611066	70	794.925467002904	0.628592980683067	44.0015086478147	71.2571859613661	0.617502755043839	18.0658684538623	7.27511020303673	0.0133825300565439	1.19496264097496	603.540132383195	-8.16048691376636E-06		585.710327591749	586.892926360758	1.81119174969263	1.81119174969265
		34.9119212861886	17.5779573478814	585.155469584293	70	794.925467002904	0.630275225831278	44.1192658081895	71.2605504516626	0.619126087695835	18.017649488069	7.24600304074761	0.0132646726167208	1.20822731359168	603.540133850266	-6.69341602588247E-06		585.785744810124	586.96732425671	1.81185467241653	1.81185467241647
		37.4125942416916	17.6836071009645	585.236281723906	70	794.925467002904	0.6321099367825	44.247695574775	71.264219873565	0.620896372026216	17.9653529223809	7.2144784539648	0.0131376720454344	1.22136498563711	603.540006678217	-0.000133865465613781		585.868391660689	587.048864558167	1.81258283426041	1.81258283426039
		39.999995699951	17.7892568540476	585.32493237924	70	794.925467002904	0.634125419074987	44.3887793352491	71.26825083815	0.622840869717091	17.9082524662185	7.18011042565879	0.012999980067112	1.23436496570423	603.539269165336	-0.000871378346573692		585.959057798315	587.138321273682	1.81338889444203	1.81338889444205
																					
																					
																					
																					
																					
			h	0.634125419074987																	
			V	17.9082524662185																	
			H	16.979971820391																	
			Ka	0.9																	
			a	39.999995699951	0.698131625747719																
			Z	585.32493237924																	
			PHE aval	574																	
																					
			Pas	0.991542738357281																	
																					
	40.6532522726486		X	Z																	
			17.7892568540476	585.959057798315																	
			18.7807995924049	586.763652938902																	
			19.7723423307622	587.513432322177																	
			20.7638850691195	588.208395948142																	
			21.7554278074768	588.848543816795																	
			22.746970545834	589.433875928138																	
			23.7385132841913	589.964392282169																	
			24.7300560225486	590.44009287889																	
			25.7215987609059	590.860977718299																	
			26.7131414992632	591.227046800398																	
			27.7046842376205	591.538300125186																	
			28.6962269759777	591.794737692662																	
			29.687769714335	591.996359502828																	
			30.6793124526923	592.143165555683																	
			31.6708551910496	592.235155851227																	
			32.6623979294069	592.272330389459																	
			33.6539406677641	592.254689170381																	
			34.6454834061214	592.182232193992																	
			35.6370261444787	592.054959460292																	
			36.628568882836	591.872870969281																	
			37.6201116211933	591.635966720959																	
			38.6116543595506	591.344246715326																	
			39.6031970979078	590.997710952382																	
			40.5947398362651	590.596359432127																	
			41.5862825746224	590.140192154561																	
			42.5778253129797	589.629209119684																	
			43.569368051337	589.063410327496																	
			44.5609107896942	588.442795777997																	
			45.5524535280515	587.767365471187																	
			46.5439962664088	587.037119407066																	
			47.5355390047661	586.252057585634																	
			48.5270817431234	585.412180006892																	
			49.5186244814807	584.517486670838																	
			50.5101672198379	583.567977577473																	
			51.5017099581952	582.563652726797																	
			52.4932526965525	581.504512118811																	
			53.4847954349098	580.390555753513																	
			54.4763381732671	579.221783630904																	
			55.4678809116243	577.998195750985																	
			56.4594236499816	576.719792113754																	
			57.4509663883389	575.386572719213																	
			58.4425091266962	573.99853756736																	
