# Sheet 'Remous 10 ' UsedRange starts at A1 ; data extent rows=200 cols=22
																					
																					
																					
																					
																					
	Cote seuil 	600																			
	RN	600																			
	PHEE	601.131834982254																			
	Hd	1.13183498225396																			
	Qs	160.735240718924																			
	Nbr de passes	1																			
	Longueur passe	70																			
	Ks	70																			
	Talus aval	0.8																			
																					
																					
CREAGER	L	5.087962656394													0.813053344898235						
	Z	596.270316666967																			
	k	0.5																			
	n	1.756																			
																					
																					
																					
																					
																					
																					
CUILLERE	L	13.63																			
	Z	585.28																			
	R	3																			
	Xr	13.63																			
	Zr	587.737456132867																			
																					
																					
			Pas Creager	0.175446988151517	0																
			Pas coursier	0.217438940095125	-4.20641299569979E-12																
			Pas cuillère	0.0024575036929392		1.86249070850408E-05															
1	2	3	4	5	6	7	8	9	10	11	12	13	14	15	16	17					
			X	Z	L	Q	h	S	Pm	Rh	V	Fr	J	Cumul J	H	DH	valeur cible 	Z+h	Mur	Hauteur Mur	
			0	600	70	160.735240718924	0.813053344898235	56.9137341428765	71.6261066897965	0.794594831035038	2.8241907360254	1	0	0	601.219580017347	0		600.813053344898	601.520582717054	1.52058271705357	
			0.175446988151517	599.978569603729	70	160.735240718924	0.715437003992974	50.0805902795082	71.4308740079859	0.701105662992576	3.20953167328568	1.21149454409481	0.000194020182593811	0.000194020182593811	601.219036860619	-0.000543156728781469	601.219580017347	600.694006607722	601.410217043231	1.43164743950138	
			0.350893976303034	599.927616617485	70	160.735240718924	0.645968098441475	45.2177668909033	71.2919361968829	0.634262011990078	3.55469214361535	1.41208862741991	0.000592181999763415	0.000786202182357226	601.217613066379	-0.00196695096860822	-0.00138975398317598	600.573584715926	601.297279552552	1.36966293506748	
			0.526340964454551	599.852478566127	70	160.735240718924	0.589415926328869	41.2591148430208	71.1788318526577	0.57965428441462	3.89575106810885	1.62011469581041	0.00083022452434538	0.00161642670670261	601.215435592592	-0.00414442475550914	-0.00207357723866153	600.441894492456	601.172750120057	1.32027155393075	
			0.701787952606069	599.755517630277	70	160.735240718924	0.541853698601733	37.9297589021213	71.0837073972035	0.533592862428748	4.23770794677882	1.83804228394473	0.00112436374583544	0.00274079045253804	601.212670444179	-0.00690957316840013	-0.00261948802062761	600.297371328879	601.035199554615	1.27968192433786	
			0.877234940757586	599.638239180098	70	160.735240718924	0.501201918730084	35.0841343111059	71.0024038374602	0.494126007218305	4.58142245419587	2.06613870719106	0.00148570254498106	0.0042264929975191	601.209238841123	-0.0103411762246424	-0.00323433682342511	600.139441098829	600.884091082704	1.2458519026053	
			1.0526819289091	599.501731081294	70	160.735240718924	0.466008088494431	32.6205661946102	70.9320161769889	0.459884942692389	4.92742032005202	2.30456190741495	0.00192383091978497	0.00615032391730407	601.205224950138	-0.0143550672096353	-0.00375322894819874	599.967739169788	600.71908591718	1.21735483588691	
			1.22812891706062	599.346835819617	70	160.735240718924	0.435247899797513	30.4673529858259	70.870495799595	0.429901789765665	5.27565492130877	2.55313356398949	0.0024490076232285	0.00859933154053258	601.200663477249	-0.0189165400978482	-0.00422394254758274	599.782083719414	600.540013972259	1.19317815264253	
			1.40357590521214	599.174235480185	70	160.735240718924	0.408165474214366	28.5715831950056	70.8163309484287	0.403460371532275	5.62570297984121	2.81140985156976	0.00307145102270577	0.0116707825632383	601.195476082707	-0.0241039346401521	-0.00475772353081538	599.5824009544	600.346804503368	1.17256902318252	
			1.57902289336365	598.9844997182	70	160.735240718924	0.38415064466197	26.8905451263379	70.7683012893239	0.379980084817927	5.97738870535176	3.07911714363346	0.00380103839354537	0.0154718209567837	601.189709268819	-0.0298707485286513	-0.00522793705727054	599.368650362862	600.139423595745	1.15492387754523	
			1.75446988151517	598.77811537056	70	160.735240718924	0.362727868355076	25.3909507848553	70.7254557367101	0.359007241740206	6.33041440948309	3.35588581760185	0.0046482740029703	0.020120094959754	601.183358355928	-0.0362216614192903	-0.00568403215265789	599.140843238915	599.917885941014	1.13977057045338	
			1.92991686966669	598.555505951553	70	160.735240718924	0.343513926724885	24.0459748707419	70.6870278534498	0.340175214617804	6.68449674354853	3.64134675829019	0.00562354067802392	0.0257436356377779	601.176415225602	-0.0431647917449709	-0.00612760465173778	598.899019878278	599.682234768565	1.12672881701269	
			2.10536385781821	598.317045131474	70	160.735240718924	0.32619621561079	22.8337350927553	70.6523924312216	0.323184174053035	7.0393757335795	3.93513996462782	0.00673726628252788	0.0324809019203058	601.168868804705	-0.0507112126419997	-0.00655978762233644	598.643241347085	599.432533869349	1.11548873787444	
			2.28081084596972	598.063066420505	70	160.735240718924	0.310517142286322	21.7361999600425	70.6210342845726	0.307786485715501	7.39481790811652	4.2369192817587	0.00799990229672785	0.0404808042170337	601.160705473811	-0.0588745435367173	-0.00698129781710577	598.373583562791	599.168861796521	1.1057953760162	
			2.45625783412124	597.793870345803	70	160.735240718924	0.29626259114567	20.7383813801969	70.5925251822913	0.293775882455601	7.75061649085162	4.54635491111069	0.00942190548183957	0.0499027096988732	601.151909490887	-0.0676705264605744	-0.00739242416034358	598.090132936949	598.891307560824	1.09743721502127	
			2.63170482227276	597.509729909013	70	160.735240718924	0.283253213606037	19.8277249524226	70.5665064272121	0.280979262773544	8.10659019653616	4.86313462922006	0.0110137229415006	0.0609164326403738	601.142463480141	-0.0771165372062796	-0.00779296580628852	597.792983122619	598.599967397672	1.09023748865832	
			2.80715181042427	597.210894826662	70	160.735240718924	0.271337739361776	18.9936417553243	70.5426754787236	0.269250373995993	8.46258146749908	5.1869642855018	0.0127857806824726	0.0737022133228464	601.132349033611	-0.0872309837367311	-0.0081821220120446	597.482232566024	598.294942323523	1.0840474968611	
			2.98259879857579	596.897594886028	70	160.735240718924	0.260387769232049	18.2271438462434	70.5207755384641	0.258464880839289	8.81845461224313	5.51756794374665	0.0147484758720288	0.0884506891948752	601.12154747423	-0.0980325431174833	-0.00855833266882655	597.15798265526	597.976336283868	1.07874139784053	
			3.15804578672731	596.570042643477	70	160.735240718924	0.250293674708684	17.5205572296079	70.5005873494174	0.248516471824155	9.17409410057453	5.85468791016261	0.0169121731658023	0.105362862360677	601.110040832262	0	-0.00891906629578898	596.820336318185	597.644254749906	1.07421210642906	
			3.33349277487882	596.228435624324	70	160.735240718924	0.240961336974506	16.8672935882154	70.481922673949	0.23931375519144	9.52940315399645	6.19808481621333	0.0192872057017709	0.124650068062448	601.097813091339	-0.0122277409236631	-0.00926055107868251	596.469396961298	597.298803658315	1.07036803399149	
			3.50893976303034	595.872958138286	70	160.735240718924	0.232312940909851	16.2619058636896	70.4646258818197	0.230781128263753	9.88415761757801	6.54739371565887	0.0218838816082979	0.146533949670746	601.084708989957	-0.0253318423057181	-0.0097202192317809	596.105271079196	596.940089824932	1.06713168664555	
			3.68438675118186	595.503782793958	70	160.735240718924	0.224275632446576	15.6992942712603	70.4485512648932	0.222847652497913	10.2383736454429	6.90248427950374	0.0247112912117289	0.171245240882475	601.070784976033	-0.0392558562296017	-0.0100845528066884	595.728058426405	596.568216772984	1.06443397902558	
			3.85983373933338	595.121071774451	70	160.735240718924	0.216788347884868	15.1751843519407	70.4335766957697	0.21545383698869	10.5919794442806	7.26314405204009	0.0277801360904311	0.199025376972906	601.05600632764	-0.0540345046227912	-0.0104431267767495	595.337860122336	596.183287789127	1.0622160146761	
			4.03528072748489	594.72497792121	70	160.735240718924	0.209797732734949	14.6858412914464	70.4195954654699	0.208547652033128	10.944912009402	7.62917146094907	0.0311003386929482	0.230125715665855	601.040336249946	-0.0697045823162625	-0.0107961364859648	594.934775653945	595.785404448449	1.06042652723966	
			4.21072771563641	594.315645662091	70	160.735240718924	0.203256982895629	14.227988802694	70.4065139657913	0.202083415315905	11.2971160539914	8.00037509433544	0.0346817215081342	0.264807437173989	601.023736036289	-0.0863047959737742	-0.0111437529033083	594.518902644986	595.374666384102	1.05902072201116	
			4.38617470378793	593.893211811747	70	160.735240718924	0.197124887576212	13.7987421303348	70.3942497751524	0.196020870659317	11.6485429759259	8.37657291619358	0.0385340024104746	0.303341439584463	601.006165112268	-0.103875719993994	-0.0114861204376666	594.090336699323	594.951171130246	1.05795931849934	
			4.56162169193944	593.457806266373	70	160.735240718924	0.191365032603661	13.3955522822563	70.3827300652073	0.19032442006506	11.999149966503	8.75759154252393	0.0426667894425857	0.346008229027049	600.987581080763	-0.122459751499946	-0.0118233568416599	593.649171298977	594.515014020678	1.05720775430495	
			4.73706868009096	593.009552610359	70	160.735240718924	0.185945133987272	13.016159379109	70.3718902679745	0.184962480466899	12.3488992441891	9.14326557855687	0.0470895759365751	0.393097804963624	600.96793976999	-0.142101062272445	-0.0121555510706912	593.195497744346	594.066288130362	1.0567355200036	
			4.91251566824248	592.548568648897	70	160.735240718924	0.1808364778539	12.658553449773	70.3616729557078	0.179906942487588	12.6977573983231	9.53343701636104	0.0518117359594624	0.444909540923087	600.947195287132	-0.162845545130722	-0.0124827585868843	592.729405126751	593.605084249883	1.05651560098579	
			5.087962656394	592.074966877969	70	160.735240718924	0.176013447691725	12.3209413384208	70.3520268953834	0.175132713045248	13.0456948299639	9.92795469192929	0.0568425200875684	0.501752061010655	600.925300080836	-0.184740751426034	-0.0128049932703789	592.250980325661	593.131490885043	1.05652400707356	
			5.30540159648912	591.80316820285	70	160.735240718924	0.171888935165745	12.0322254616022	70.3437778703315	0.171048894811732	13.3587291255363	10.2874249397709	0.0770760243466046	0.57882808535726	601.070655703227	-0.039385129035054	0.157715399711151	591.975057138016	592.859877880255	1.05670967740525	
			5.52284053658425	591.531369527731	70	160.735240718924	0.168255554632759	11.7778888242931	70.3365111092655	0.167450569249824	13.6472030868037	10.6224438835486	0.0834022627279299	0.66223034808519	601.192293384732	0.0822525524697539	0.138397010545532	591.699625082364	592.588388115948	1.05701858821703	
			5.74027947667937	591.259570852612	70	160.735240718924	0.164874943105212	11.5412460173648	70.3297498862104	0.164101906178224	13.9270266379456	10.9508183045092	0.0895460390603913	0.751776387145581	601.310382134864	0.200341302601146	0.136223649740487	591.424445795717	592.3170064472	1.05743559458779	
			5.95771841677449	590.987772177493	70	160.735240718924	0.161719118469573	11.3203382928701	70.3234382369391	0.160975324538723	14.19880188741	11.2729222917168	0.0958017010732887	0.84757808821887	601.425025191881	0.314984359618734	0.134113852840642	591.149491295963	592.045716064033	1.05794388653931	
			6.17515735686962	590.715973502374	70	160.735240718924	0.158765450130497	11.1135815091348	70.317530900261	0.158048517444368	14.4629560314835	11.5889626373715	0.102164236994555	0.949742325213425	601.536160826543	0.426119994280384	0.131966655002316	590.874738952505	591.774502748897	1.05852924652265	
			6.39259629696474	590.444174827255	70	160.735240718924	0.15599439433554	10.9196076034878	70.3119887886711	0.155302215050518	14.7198733283772	11.8991262628065	0.108626254678681	1.05836857989211	601.643730424622	0.533689592359451	0.129784081486832	590.600169221591	591.503354478432	1.05917965117681	
			6.61003523705987	590.172376152137	70	160.735240718924	0.153388961070779	10.7372272749545	70.3067779221416	0.152719660782137	14.9699020615734	12.2035842123811	0.115180560540312	1.17354914043242	601.74767988044	0.637639048177221	0.127569033501572	590.325765113207	591.232261031077	1.05988487894058	
			6.82747417715499	589.900577477018	70	160.735240718924	0.150934297864687	10.5654008505281	70.3018685957294	0.150286202366603	15.2133594354719	12.502493950459	0.121820176996117	1.29536931742853	601.847959548219	0.737918715956198	0.125324406782397	590.051511774882	590.961213675069	1.06063619805104	
			7.04491311725012	589.628778801899	70	160.735240718924	0.148617353852679	10.4032147696875	70.2972347077054	0.147988961627636	15.4505356543507	12.7960012751228	0.12853833825681	1.42390765568534	601.944524188695	0.834483356432884	0.12305309064493	589.777396155751	590.690204918994	1.06142611709504	
			7.26235205734524	589.35698012678	70	160.735240718924	0.146426530096642	10.2498571067649	70.2928530601933	0.145816490020511	15.6817055149811	13.0842521482928	0.135328486980702	1.55923614266605	602.037345895337	0.927305063074073	0.12077094667336	589.503406656876	590.419228340636	1.06224821385581	
			7.47979099744037	589.085181451661	70	160.735240718924	0.144351898229196	10.1046328760438	70.2887037964584	0.14375898729481	15.9070836803975	13.3673343945767	0.142184518108262	1.70142066077431	602.126338202855	0	0.11841799029196	589.22953334989	590.148278247822	1.06309679616163	
			7.69722993753549	588.813382776542	70	160.735240718924	0.142384332800326	9.96690329602279	70.2847686656007	0.141807442569002	16.1268987914295	13.6453680593407	0.149099333075649	1.85051999384996	602.211468670454	0.085130467599015	0.116046918514371	588.955767109342	589.877349797139	1.06396702059692	
			7.91466887763062	588.541584101423	70	160.735240718924	0.140515684176036	9.83609789232254	70.2810313683521	0.139953806892364	16.3413624466247	13.9184655155758	0.156066945368444	2.0065869392184	602.292707665923	0.166369463068236	0.113658996422032	588.682099785599	589.606438776125	1.06485467470225	
			8.13210781772574	588.269785426304	70	160.735240718924	0.138738649024671	9.71170543172695	70.2774772980493	0.138190865766841	16.5506709247813	14.186732157803	0.163081543292861	2.16966848251126	602.370028053942	0.243689851087652	0.111255419204213	588.408524075329	589.335541510656	1.06575608435162	
			8.34954675782087	587.997986751185	70	160.735240718924	0.13704665925693	9.59326614798511	70.2740933185139	0.136512129790193	16.7550069225051	14.4502673175404	0.170137481433839	2.3398059639451	602.443405325488	0.317067122632807	0.108837549467808	588.135033410442	589.064654788848	1.06666803766279	
			8.56698569791599	587.726188076066	70	160.735240718924	0.135433788492727	9.4803651944909	70.2708675769855	0.134911742538324	16.954541035226	14.7091650278467	0.177229281088989	2.51703524503409	602.512817670632	0.386479467777576	0.1064068587782	587.861621864559	588.793775797408	1.06758772134174	
			8.78442463801112	587.454389400947	70	160.735240718924	0.133894672846538	9.37262709925765	70.2677893456931	0.133384402533963	17.1494330262702	14.9635146642935	0.184351630180252	2.70138687521434	602.578246006644	0.451907803789481	0.103964883045705	587.588284073794	588.522902068079	1.06851266713147	
			9.00186357810624	587.182590725828	70	160.735240718924	0.132424443473842	9.26971104316895	70.2648488869477	0.13192529678792	17.3398329214775	15.2134014864853	0.191499382689379	2.89288625790372	602.639673973826	0.513335770971025	0.101513190252717	587.315015169302	588.252031432365	1.06944070653697	
			9.21930251820137	586.910792050709	70	160.735240718924	0.131018668842523	9.17130681897663	70.262037337685	0.130530043911175	17.5258819589747	15.4589070987453	0.198667557725561	3.09155381562928	602.697087908131	0.57074970527583	0.0990533571056176	587.041810719552	587.981161983077	1.07036993236716	
			9.43674145829649	586.63899337559	70	160.735240718924	0.129673305095263	9.07713135666838	70.2593466101905	0.12919464519119	17.7077134177245	15.7001098444789	0.205851338304702	3.29740515393398	602.750476797111	0.624138594255896	0.096586952163193	586.768666680686	587.710292041518	1.07129866592754	
			9.65418039839162	586.367194700471	70	160.735240718924	0.128384653182109	8.98692572274761	70.2567693063642	0.127915442333519	17.8854533438585	15.9370851456269	0.213046069898618	3.5104512238326	602.799832223956	0.673494021101533	0.0941155236637314	586.495579353654	587.43942012939	1.07222542891805	
			9.87161933848674	586.095396025353	70	160.735240718924	0.127149321688262	8.90045251817835	70.2542986433765	0.126689080811391	18.0592211902302	16.1699057962658	0.220247258796662	3.73069848262926	602.845148303089	0.718810100234009	0.0916405907626086	586.222545347041	587.168544944621	1.07314891926831	
			10.0890582785819	585.823597350234	70	160.735240718924	0.125964194476524	8.81749361335666	70.251928388953	0.125512477957021	18.2291303818405	16.3986422176372	0.227450570310686	3.95814905293995	602.886421609855	0.760083407000138	0.0891636372776929	585.94956154471	586.897665340519	1.0740679902849	
			10.306497218677	585.551798675115	70	160.735240718924	0.12482640241893	8.73784816932508	70.2496528048379	0.124382795080851	18.395288817583	16.6233626804953	0.234651826846559	4.19280087978651	602.923651106193	0.797312903338138	0.0866861072703387	585.676625077534	586.626780307709	1.0749816325947	
			10.5239361587721	585.279999999996	70	160.735240718924	0.123733298616553	8.66133090315873	70.2474665972331	0.123297413027275	18.557799316997	16.8441334995873	0.241847005859631	4.43464788564614	602.956838063645	0.830499860789928	0.0842094019726574	585.403733298612	586.355888958454	1.07588895845822	
		-89.9040334283193	10.5263936624651	583.81277599057	70	160.735240718924	0.139577941335465	9.77045589348256	70.2791558826709	0.139023523700172	16.4511505370127	14.0589659292737	0.00281457242000489	4.43746245806614	597.74645963993	-4.37987856292466	-5.20978408380461	583.952353931905	584.878099257621	1.06532326705144	
		40.6762819840612	10.528851166158	583.814888007909	70	160.735240718924	0.139210378011472	9.74472646080307	70.2784207560229	0.13865887075967	16.4945872380781	14.1146834324263	0.00188468856674287	4.43934714663289	597.82114263437	-4.30519556848515	0.0746899112616575	583.954098385921	584.880399251587	1.0655112436782	
		40.6624672535187	10.5313086698509	583.816998995284	70	160.735240718924	0.138834340933894	9.71840386537255	70.2776686818678	0.13828580326655	16.5392633343462	14.1720673256888	0.00190130062746554	4.44124844726035	597.898097945945	-4.22824025691	0.0769599432043151	583.955833336218	584.882705084777	1.06570608949312	
		40.6486277850302	10.5337661735439	583.819108951276	70	160.735240718924	0.138462581660967	9.69238071626767	70.2769251633219	0.137916971946948	16.5836697323648	14.2291816618371	0.00191849333202334	4.44316694059237	597.974804040183	-4.15153416267208	0.0767107666912352	583.957571532937	584.885010208959	1.06590125768207	
		40.6347635667164	10.5362236772368	583.821217874472	70	160.735240718924	0.138095315004628	9.66667205032397	70.2761906300093	0.13755259019683	16.6277742621399	14.2859834841075	0.0019356897994481	4.44510263039182	598.051202940378	-4.07513526247703	0.0764036148995046	583.959313189476	584.887314438412	1.06609656393982	
		40.620874575984	10.5386811809298	583.823325763454	70	160.735240718924	0.137732740189841	9.64129181328887	70.2754654803797	0.137192855961668	16.6715460782318	14.342431339213	0.00195287588158328	4.44705550627341	598.127238352707	-3.99909985014813	0.0760401692937194	583.961058503644	584.889617590008	1.06629182655342	
		40.6069608024187	10.5411386846227	583.82543261681	70	160.735240718924	0.137375048431185	9.61625339018296	70.2747500968624	0.136837959251773	16.714954795494	14.3984841763199	0.00197003764020402	4.44902554391361	598.20285424095	-3.92348396190482	0.0756206874430063	583.962807665241	584.891919479679	1.06648686286917	
		40.5930222248858	10.5435961883156	583.827538433124	70	160.735240718924	0.137022423126112	9.59156961882781	70.2740448462522	0.13648808233271	16.7579704997822	14.4541013694463	0.00198716102400612	4.45101270493762	598.277994866015	-3.84834333684012	0.0751454664394942	583.964560856251	584.894219922684	1.06668148955919	
		40.5790588298555	10.5460536920086	583.829643210985	70	160.735240718924	0.136675040050108	9.56725280350754	70.2733500801002	0.136143399917642	16.8005637584904	14.5092427399468	0.00200423188196105	4.45301693681958	598.352604826116	-3.77373337673828	0.0746148435573559	583.966318251035	584.896518733873	1.06687552288793	
		40.5650706007118	10.5485111957015	583.831746948979	70	160.735240718924	0.136333067557052	9.54331472899363	70.2726661351141	0.135804079364864	16.8427056304235	14.5638685784195	0.00202123597729233	4.45503817279687	598.426629096714	-3.6997091061404	0.0740291960050854	583.968080016536	584.898815727952	1.06706877897307	
		40.5510575192761	10.5509686993945	583.833849645695	70	160.735240718924	0.135996666783764	9.51976667486346	70.2719933335675	0.135470280879539	16.8843676750333	14.6179396660392	0.00203815900184923	4.45707633179872	598.50001307016	-3.62632513269443	0.0733889406408252	583.969846312479	584.901110719737	1.06726107404199	
		40.5370195703968	10.5534262030874	583.835951299722	70	160.735240718924	0.135665991857743	9.49661943004204	70.2713319837155	0.135142157718638	16.9255219610514	14.6714172953293	0.00205498659085217	4.45913131838957	598.572702595047	-3.55363560780734	0.0726945336704148	583.97161729158	584.903403524405	1.06745222468271	1.06745222468263
q	71		10.5558837067803	583.83805190965	70	160.735240718924	0.135341190107251	9.47388330750754	70.2706823802145	0.13481985639825	16.9661410745423	14.7242632903741	0.00207170433798755	4.46120302272756	598.644644015214	-3.48169418764064	0.0719464703038284	583.973393099757	584.905693957738	1.06764204808883	1.0676420480888
P	120	40.5088690034249	10.5583412104733	583.840151474068	70	160.735240718924	0.1350224022729	9.45156815910299	70.2700448045458	0.134503516902434	17.0061981264048	14.776440026477	0.00208829781082364	4.46329132053838	598.715784208376	-3.41055399447828	0.0711452843834195	583.975173876341	584.907981836368	1.06783036229956	1.06783036229964
h	0.135665991857743	40.4947563533437	10.5607987141662	583.842249991569	70	160.735240718924	0.134709762719956	9.42968339039695	70.2694195254399	0.134193272892813	17.0456667593543	14.8279104492788	0.00210475256652052	4.4653960731049	598.786070624368	-3.3402675784863	0.0702915479915873	583.976959754289	584.910266978002	1.06801698643278	1.06801698643284
V	16.9255219610514	40.4806187687772	10.5632562178592	583.844347460744	70	160.735240718924	0.13440339965068	9.40823797554758	70.2688067993014	0.133889251918265	17.0845211544055	14.8786380933364	0.00212105416780921	4.46751712727271	598.85545132295	-3.27088687990488	0.0693858710186532	583.978750860395	584.912549201656	1.06820174091138	1.06820174091145
		40.4664562328845	10.5657137215521	583.846443880186	70	160.735240718924	0.134103435316025	9.38724047212178	70.2682068706321	0.133591575624012	17.122736036887	14.9285871001725	0.00213718819920851	4.46965431547192	598.923875011165	-3.20246319169007	0.0684289007132293	583.980547315502	584.91482832787	1.06838444768414	1.06838444768414
		40.4522687318623	10.568171225245	583.848539248487	70	160.735240718924	0.133809986226124	9.36669903582865	70.2676199724523	0.133300359959549	17.1602866820098	14.9777222358043	0.00215314028345293	4.47180745575537	598.991291080216	-3.13504712263921	0.067421321198708	583.982349234713	584.917104178926	1.06856493043881	1.06856493043881
10.3447379765783		40.4380562457389	10.570628728938	583.850633564242	70	160.735240718924	0.133523163359006	9.34662143513041	70.267046326718	0.133015715384873	17.1971489200131	15.0260089077522	0.00216889609810121	4.47397635185347	599.057649641826	-3.06868856102858	0.0663638529608761	583.984156727601	584.919376579051	1.06874301480934	1.06874301480941
	-2146826252	40.4238187621857	10.5730862326309	583.852726826045	70	160.735240718924	0.133243072367046	9.32701506569325	70.2664861447341	0.132737747074495	17.2332991409162	15.0734131815448	0.00218444139229467	4.47616079324577	599.122901564075	-3.00343663878016	0.0652572523185881	583.985969898412	584.921645354621	1.06891852857586	1.06891852857594
		40.4095562596297	10.5755437363238	583.854819032492	70	160.735240718924	0.132969813780719	9.30788696465033	70.2659396275614	0.132466555118824	17.2687142988916	15.1199017967172	0.00219976200363701	4.47836055524941	599.186998506657	-2.93933969619786	0.0641023108551053	583.987788846272	584.923910334349	1.06909130185761	1.06909130185756
		40.3952687241453	10.5780012400168	583.856910182178	70	160.735240718924	0.132703483209218	9.28924382464525	70.2654069664184	0.132202234722483	17.3033719162886	15.1654421823185	0.0022148438751619	4.48057539912457	599.249892955571	-2.87644524728364	0.0628998548374966	583.989613665387	584.926171349477	1.06926116729881	1.06926116729886
		40.3809561402419	10.5804587437097	583.859000273701	70	160.735240718924	0.132444171537636	9.27109200763454	70.2648883430753	0.131944876399255	17.3372500873211	15.2100024719245	0.00222967307236006	4.48280507219693	599.311538257181	-2.81479994567326	0.0616507445973866	583.991444445239	584.92842823395	1.06942796024919	1.06942796024922
		40.3666184893228	10.5829162474027	583.861089305658	70	160.735240718924	0.132191965120307	9.25343755842147	70.2643839302406	0.131694566163256	17.3703274814494	15.2535515181756	0.00224423580023114	4.48504930799716	599.371888651655	-2.75444955119974	0.0603558739032906	583.993281270779	584.930680824594	1.06959151893545	1.06959151893543
		40.3522557527566	10.5853737510956	583.863177276647	70	160.735240718924	0.131946945970114	9.23628621790798	70.2638938919402	0.131451385716149	17.4025833464622	15.2960589068284	0.00225851842033305	4.48730782641749	599.430899305725	-2.69543889712997	0.0590161692875881	583.995124222618	584.932928961275	1.06975168462748	1.06975168462747
		40.3378679180376	10.5878312547885	583.865264185268	70	160.735240718924	0.131709191943423	9.21964343603962	70.2634183838868	0.131215412630051	17.4339975112931	15.3374949703471	0.00227250746779139	4.48958033388528	599.488526344784	-2.63781185807125	0.0576325893761123	583.996973377211	584.935172487065	1.06990830179757	1.06990830179762
		40.3234549664738	10.5902887584815	583.867350030118	70	160.735240718924	0.131478776920496	9.20351438443475	70.262957553841	0.130986720525994	17.4645503885738	15.3778308010207	0.00228618966824347	4.49186652355353	599.544726884258	-2.58161131859697	0.056206124169762	583.998828807039	584.937411248392	1.07006121827305	1.07006121827299
		40.30901688088	10.5927462621744	583.8694348098	70	160.735240718924	0.131255770981141	9.18790396867985	70.2625115419623	0.130765379247689	17.4942229769538	15.4170382636277	0.00229955195467963	4.49416607550821	599.599459060261	-2.52687914259423	0.05473779432225	584.000690580781	584.939645095182	1.07021028538156	1.07021028538154
		40.2945536455817	10.5952037658674	583.871518522914	70	160.735240718924	0.13104024057547	9.17281684028291	70.2620804811509	0.13055145503048	17.5229968631933	15.4550900076407	0.00231258148415414	4.49647865699236	599.652682059488	-2.47365614336718	0.0532286503845398	584.00255876349	584.941873881006	1.07035535809166	1.07035535809168
		40.2800652433326	10.5976612695603	583.873601168062	70	160.735240718924	0.130832248689598	9.15825740827187	70.2616644973792	0.130345010665289	17.550854224052	15.4919594789877	0.00232526565433147	4.49880392264669	599.704356148348	-2.42198205450688	0.0516797720379145	584.004433416751	584.944097463207	1.07049629514563	1.07049629514564
		40.2655516568547	10.6001187732532	583.875682743846	70	160.735240718924	0.130631855006179	9.1442298504325	70.2612637100124	0.130146105657497	17.5777778279842	15.5276209313665	0.00233759211983929	4.50114151476653	599.754442701297	-2.37189550155767	0.0500922672981687	584.006314598852	584.946315703032	1.0706329591867	1.07063295918671
		40.2510128688387	10.6025762769462	583.877763248869	70	160.735240718924	0.130439116059698	9.13073812417887	70.2608782321194	0.129954796380624	17.6037510366534	15.5620494371171	0.00234954880839525	4.50349106357493	599.802904228358	-2.32343397449722	0.0484672717017247	584.008202364929	584.948528465749	1.07076521688043	1.07076521688041
		40.2364488634885	10.6050337806391	583.879842681736	70	160.735240718924	0.130254085386408	9.11778597704853	70.2605081707728	0.129771136224736	17.6287578062843	15.5952208976646	0.00236112393667688	4.5058521875116	599.849704401813	-2.27663380104218	0.0468059474799247	584.010096767122	584.950735620765	1.07089293902993	1.07089293902992
		40.2218596234338	10.6074912843321	583.88192104105	70	160.735240718924	0.130076813668885	9.10537695682198	70.2601536273378	0.129595175739541	17.6527826888592	15.6271120535245	0.00237230602590675	4.50822449353751	599.894808082042	-2.23153012081241	0.0451094827005818	584.011997854719	584.952937041736	1.07101600068563	1.07101600068566
		40.2072451328188	10.609948788025	583.883998325418	70	160.735240718924	0.129907348875104	9.09351442125725	70.2598146977502	0.129426962772056	17.6758108331785	15.6577004938918	0.0023830839171197	4.51060757745463	599.938181342505	-2.18815686035009	0.0433790904131683	584.013905674293	584.955132606667	1.07113428124944	1.07113428124939
		40.1926053742125	10.6124062917179	583.886074533445	70	160.735240718924	0.129745736392086	9.08220154744599	70.2594914727842	0.129266542598932	17.6978279857844	15.686964665794	0.00239344678608836	4.51300102424072	599.979791493814	-2.14654670904122	0.0416160077463701	584.015820269837	584.957322198018	1.07124766457298	1.07124766457292
		40.1779403301525	10.6148637954109	583.888149663739	70	160.735240718924	0.129592019154011	9.07144134078074	70.259184038308	0.129113958053294	17.718820491771	15.7148838828353	0.00240338415787092	4.51540440839859	600.019607106929	-2.1067310959254	0.0398214950201918	584.017741682893	584.95950570279	1.07135603905135	1.0713560390514
		40.1632499831451	10.6173212991038	583.890223714906	70	160.735240718924	0.129446237764821	9.06123664353747	70.2588924755296	0.128969249646134	17.7387752954848	15.7414383335227	0.00241288592096085	4.51781729431955	600.057598035428	-2.06874016742688	0.0379968348239572	584.01966995267	584.961683012617	1.07145929771173	1.07145929771171
		40.1485343187626	10.6197788027968	583.892296685555	70	160.735240718924	0.129308430615325	9.05159014307277	70.2586168612306	0.12883245568228	17.7576799411246	15.7666090891782	0.00242194234100755	4.52023923666056	600.093735436833	-2.03260276602134	0.0361433310815755	584.02160511617	584.96385402385	1.07155733829563	1.07155733829567
		40.1337933163543	10.6222363064897	583.894368574294	70	160.735240718924	0.12917863399479	9.04250437963529	70.2583572679896	0.128703612370897	17.7755225732506	15.790378111443	0.00243054407408179	4.52266978073464	600.127991793006	-1.99834640984898	0.034262308104644	584.023547208289	584.966018637633	1.07165006333855	1.07165006333853
		40.1190269629827	10.6246938101826	583.896439379735	70	160.735240718924	0.129056882197016	9.03398175379114	70.258113764394	0.128582753930542	17.7922919372149	15.8127282593792	0.00243868217946135	4.5251084629141	600.160340929571	-1.96599727328373	0.032355109636228	584.025496261932	584.968176759978	1.07173738024278	1.07173738024279
		40.104235237934	10.6271513138756	583.898509100486	70	160.735240718924	0.128943207620971	9.02602453346795	70.2578864152419	0.128469912688831	17.8079773795127	15.8336432961618	0.00244634813191328	4.52755481104601	600.190758034368	-1.93558016848681	0.0304230978673559	584.027452308107	584.970328301834	1.07181920134747	1.07181920134741
		40.0894181251121	10.6296088175685	583.90057773516	70	160.735240718924	0.128837640865921	9.01863486061448	70.2576752817318	0.128365119176658	17.822568848072	15.853107895378	0.00245353383344589	4.53000834487946	600.219219674918	-1.90711852793697	0.0284676524594261	584.029415376025	584.972473179152	1.07189544399262	1.07189544399263
		40.0745756114961	10.6320663212615	583.902645282367	70	160.735240718924	0.12874021082115	9.01181475748048	70.2574804216423	0.128268402217061	17.8360568924813	15.8711076469256	0.00246023162451216	4.53246857650397	600.245703814892	-1.88063438796269	0.0264901695427397	584.031385493188	584.974611312948	1.0719660305806	1.07196603058051
		40.0597076747266	10.6345238249544	583.904711740721	70	160.735240718924	0.128650944750259	9.00556613251816	70.2573018895005	0.128179789008721	17.8484326641638	15.8876290625165	0.00246643429464023	4.53493501079861	600.270189829569	-1.85614837328615	0.0244920607048016	584.033362685471	584.976742629352	1.07203088863128	1.07203088863132
		40.0448143001715	10.6369813286473	583.906777108835	70	160.735240718924	0.128569868370085	8.99989078590596	70.2571397367402	0.128099305204131	17.8596879165066	15.9026595807895	0.00247213509247079	4.53740714589108	600.292658520274	-1.83367968258062	0.022474751977029	584.035346977205	584.978867059671	1.0720899508359	1.07208995083587
		40.0298954685111	10.6394388323403	583.908841385323	70	160.735240718924	0.128497005924259	8.99479041469816	70.2569940118485	0.128026974982465	17.8698150049467	15.9161875720311	0.00247732773518335	4.53988447362627	600.313092127793	-1.81324607506212	0.0204396827996334	584.037338391247	584.980984540427	1.07214315510396	1.07214315510392
		40.0149511681659	10.6418963360332	583.9109045688	70	160.735240718924	0.128432380251438	8.99026661760063	70.2568647605029	0.127962821117159	17.8788068870222	15.9282023425107	0.00248200641729161	4.54236648004356	600.331474344741	-1.79486385811367	0.0183883049904807	584.039336949051	584.983095013409	1.07219044460874	1.07219044460876
		39.9999813750929	10.6443538397262	583.912966657881	70	160.735240718924	0.12837601284823	8.98632089937612	70.2567520256965	0.127906865038244	17.8866571223918	15.9386941384281	0.00248616581879244	4.54485264586235	600.347790326897	-1.778547875958	0.0163220816956482	584.041342670729	584.985198425709	1.07223176782804	1.07223176782805
																					
																					
																					
																					
																					
			h	0.12837601284823																	
			V	17.8866571223918																	
			H	16.4348236690159																	
			Ka	0.9																	
			a	39.9999813750929	0.69813137573178																
			Z	583.912966657881																	
			PHE aval	574																	
																					
			Pas	0.932884057991984																	
																					
			X	Z																	
			10.6443538397262	584.041342670729																	
			11.5772378977181	584.799059135317																	
			12.5101219557101	585.506644224623																	
			13.4430060137021	586.164097938645																	
			14.3758900716941	586.771420277385																	
			15.3087741296861	587.328611240842																	
			16.2416581876781	587.835670829016																	
			17.17454224567	588.292599041908																	
			18.107426303662	588.699395879516																	
			19.040310361654	589.056061341842																	
			19.973194419646	589.362595428885																	
			20.906078477638	589.618998140645																	
			21.83896253563	589.825269477122																	
			22.7718465936219	589.981409438317																	
			23.7047306516139	590.087418024228																	
			24.6376147096059	590.143295234857																	
			25.5704987675979	590.149041070203																	
			26.5033828255899	590.104655530267																	
			27.4362668835819	590.010138615047																	
			28.3691509415739	589.865490324545																	
			29.3020349995658	589.67071065876																	
			30.2349190575578	589.425799617691																	
			31.1678031155498	589.130757201341																	
			32.1006871735418	588.785583409707																	
			33.0335712315338	588.390278242791																	
			33.9664552895258	587.944841700591																	
			34.8993393475177	587.44927378311																	
			35.8322234055097	586.903574490345																	
			36.7651074635017	586.307743822297																	
			37.6979915214937	585.661781778967																	
			38.6308755794857	584.965688360353																	
			39.5637596374777	584.219463566457																	
			40.4966436954696	583.423107397278																	
			41.4295277534616	582.576619852817																	
			42.3624118114536	581.680000933072																	
			43.2952958694456	580.733250638045																	
			44.2281799274376	579.736368967735																	
			45.1610639854296	578.689355922142																	
			46.0939480434215	577.592211501266																	
			47.0268321014135	576.444935705108																	
			47.9597161594055	575.247528533666																	
			48.8926002173975	573.999989986942																	
